,Platform,Number,Store,Address,Addr,Review_score,Review_counts,ID,Date,Review_text,Time
0,Kakao,1,쿠아레비역촌점,서울 은평구 진흥로 101 1층 (역촌동),서울 은평구,4.4,12.0,짭짭박사,2024.01.13.,정보없음,NaN
1,Kakao,1,쿠아레비역촌점,서울 은평구 진흥로 101 1층 (역촌동),서울 은평구,4.4,12.0,하리보,2023.12.25.,뭔데 이렇게 맛있으세여....앙버터 별로 안 좋아하는데 크게 늦게 하지 않아서 많이 먹을 수 있었고 올리브랑 견과류 들어간 빵도 처음먹어보는 맛인데 너무 촉촉하고 맛있어요ㅠㅠ 추천 받아서 온 곳인데 너무 만족 했습니다!!,NaN
2,Kakao,1,쿠아레비역촌점,서울 은평구 진흥로 101 1층 (역촌동),서울 은평구,4.4,12.0,꼬로록,2023.09.21.,"앙버터 맛있네유
일단 빵이 맛있고 팥도 맛있어요 팥 식감도 있고 너무달지않아서 부담이 없고 버터향도 잘 느껴져용
원래 좀 겉이 딱딱한 빵 안좋아하는데 이건 빵이 맛있네여 바삭하구..
바질크림치즈베이글 먹을만해요 꽤 새콤함
아메리카노는 쏘쏘..
글구 캐릭터가 기여어",NaN
3,Kakao,1,쿠아레비역촌점,서울 은평구 진흥로 101 1층 (역촌동),서울 은평구,4.4,12.0,꾸,2023.06.26.,빵 맛있고 친절하세요,NaN
4,Kakao,1,쿠아레비역촌점,서울 은평구 진흥로 101 1층 (역촌동),서울 은평구,4.4,12.0,봄,2023.02.28.,"씹으면 씹을수록 고소해서 역촌역가면 항상 구매해요!
건강빵인데 메뉴도 꽤 많아요ㅎㅎㅎ 추천합니다!",NaN
5,Kakao,1,쿠아레비역촌점,서울 은평구 진흥로 101 1층 (역촌동),서울 은평구,4.4,12.0,개과천선,2022.02.09.,정보없음,NaN
6,Kakao,1,쿠아레비역촌점,서울 은평구 진흥로 101 1층 (역촌동),서울 은평구,4.4,12.0,.,2021.11.26.,크기도 작아지고 재료도 질이 낮아진것 같아서 아쉽습니다.,NaN
7,Kakao,1,쿠아레비역촌점,서울 은평구 진흥로 101 1층 (역촌동),서울 은평구,4.4,12.0,hummel,2021.07.06.,소비자의 마음을 아는 베에커리카페는 이동네에서 여기가 유일한것 같음..,NaN
8,Kakao,1,쿠아레비역촌점,서울 은평구 진흥로 101 1층 (역촌동),서울 은평구,4.4,12.0,미부,2021.05.29.,정보없음,NaN
9,Kakao,1,쿠아레비역촌점,서울 은평구 진흥로 101 1층 (역촌동),서울 은평구,4.4,12.0,맛따라멋따라,2021.01.26.,"치아바타랑 깜빠뉴, 올리브 마카다미아빵 샀는데 만족스럽네요 재방문 의사 백프로에요",NaN
10,Kakao,1,쿠아레비역촌점,서울 은평구 진흥로 101 1층 (역촌동),서울 은평구,4.4,12.0,뮤,2020.12.14.,맛있어요~ 아침에 사온 보람이 있네요,NaN
11,Kakao,1,쿠아레비역촌점,서울 은평구 진흥로 101 1층 (역촌동),서울 은평구,4.4,12.0,Julia Baek ...,2018.03.01.,"동네에 이런 맛집이라고 하기엔 명칭이 애매하지만
품질 좋은 빵집이 있는게 참 좋아요~~^^
가끔 곡물빵 종류별로 먹는데 씹는 맛도 있고 추천해요",NaN
12,Kakao,2,라이언베이커,서울 은평구 증산로17길 22-1 1층 (신사동),서울 은평구,4.9,35.0,몽,2024.02.20.,명란감태소금빵 맛있어요!,NaN
13,Kakao,2,라이언베이커,서울 은평구 증산로17길 22-1 1층 (신사동),서울 은평구,4.9,35.0,bb2828,2024.01.30.,"내 마음 속 은평구 1위 빵집...
아직까지 실패한 빵이 없고 새로운 빵도 나와서 질리지 않는 맛...
바닐라크림 파네토네, 초코바나나티크레, 모든 버터핀 사랑해...
라떼도 미친 맛이니까 추운날 꼭 마시기...",NaN
14,Kakao,2,라이언베이커,서울 은평구 증산로17길 22-1 1층 (신사동),서울 은평구,4.9,35.0,리방실,2024.01.27.,"이제 가족 케이크집은 이곳으로 픽♡ 
생크림 하나도 안느끼하고 맛있어요!! 딸기도 달다구리 가성비 맛 다잡음",NaN
15,Kakao,2,라이언베이커,서울 은평구 증산로17길 22-1 1층 (신사동),서울 은평구,4.9,35.0,토리,2024.01.21.,동네에 이런 빵집이 존재함에 감사합니다.. 은평구의 자랑 은평구의 희망 라이언베이커... 오래오래 함께해요..,NaN
16,Kakao,2,라이언베이커,서울 은평구 증산로17길 22-1 1층 (신사동),서울 은평구,4.9,35.0,R,2023.11.19.,"너무 맛있어요
뒷산 고양이도 너무 귀엽고
테이블에 자국들이 궁금해서 여쭤보니
타공판? 식빵판? 올려두고 열기 때문에 자국이 남는거라고 하시고 곧 테이블 다 바꾸신다네요 ㅎㅎㅎ 역시 친절한 사장님 !",NaN
17,Kakao,2,라이언베이커,서울 은평구 증산로17길 22-1 1층 (신사동),서울 은평구,4.9,35.0,@-@,2023.11.19.,음료와 빵 둘 다 맛있어요! 소금빵 찐 맛집 인정,NaN
18,Kakao,2,라이언베이커,서울 은평구 증산로17길 22-1 1층 (신사동),서울 은평구,4.9,35.0,haco,2023.11.08.,"빵맛은 맛있고 직원분들도 친절하고 좋았어요~
근데 위생이...청소를 좀더 하시는게 좋을거같아요~
손님 먹고갈 테이블에 신발자국이 있더라고요..
올라가서 작업하셨는지..",NaN
19,Kakao,2,라이언베이커,서울 은평구 증산로17길 22-1 1층 (신사동),서울 은평구,4.9,35.0,b2,2023.10.29.,"빵 맛있어서 별점은 5개주지만 
그동안 갔을때 직원분들 친절했는데
주말 여자직원분 불친절… 
바쁘신건 아는데 맘상함",NaN
20,Kakao,2,라이언베이커,서울 은평구 증산로17길 22-1 1층 (신사동),서울 은평구,4.9,35.0,뚱이,2023.10.23.,진짜 맛있고 밥보다 빵을 좋아했다면 매일 가서 소금빵 사먹었을 것 같아요,NaN
21,Kakao,2,라이언베이커,서울 은평구 증산로17길 22-1 1층 (신사동),서울 은평구,4.9,35.0,감귤,2023.09.30.,소금빵 맛집 생각나는 맛,NaN
22,Kakao,2,라이언베이커,서울 은평구 증산로17길 22-1 1층 (신사동),서울 은평구,4.9,35.0,sumsum,2023.09.26.,소금빵 많이 팔지만 맛있는 덴 많지 않은데 진짜 맛있어요 구리고 치아바타 완전 부드럽고 쫄깃하고 고소해요. 요즘 잘 없는데 시나몬롤도 팔아서 좋아요 ...! 산 모든 빵을 다 맛있게 먹었어요... 동네에 이런데가 있다니🥹,NaN
23,Kakao,2,라이언베이커,서울 은평구 증산로17길 22-1 1층 (신사동),서울 은평구,4.9,35.0,오라이빡구,2023.09.14.,"우리동네에 이런곳이 생기다니....감덩
빵를 많이 먹지않았었는데
소금빵 먹고 빵순이됨
진짜 맛있어요🙏🏽
케잌도 생일때 주문해서 먹엇는데
생크림이 느끼하지 않고 넘 맛있었음 굿👍🏽👍🏽",NaN
24,Kakao,2,라이언베이커,서울 은평구 증산로17길 22-1 1층 (신사동),서울 은평구,4.9,35.0,B,2023.09.06.,"누추한 곳(?) 에 귀한 빵집 ❤️
개개개개ㅐㄱ개개 맛있음 ㅠㅠ 사랑해요, 새절에서 떠나면 안대~~~",NaN
25,Kakao,2,라이언베이커,서울 은평구 증산로17길 22-1 1층 (신사동),서울 은평구,4.9,35.0,눈의띠네,2023.08.31.,명란감태소금빵,NaN
26,Kakao,2,라이언베이커,서울 은평구 증산로17길 22-1 1층 (신사동),서울 은평구,4.9,35.0,아름다운봄,2023.07.10.,신사동 골목에 숨어있는 베이커리 카페,NaN
27,Kakao,2,라이언베이커,서울 은평구 증산로17길 22-1 1층 (신사동),서울 은평구,4.9,35.0,어쩌구,2023.07.09.,대파크림치즈 소금빵 존맛탱~,NaN
28,Kakao,2,라이언베이커,서울 은평구 증산로17길 22-1 1층 (신사동),서울 은평구,4.9,35.0,푸다뱅,2023.06.11.,소금빵 기가 막힙니다👍 꼭 드세여,NaN
29,Kakao,2,라이언베이커,서울 은평구 증산로17길 22-1 1층 (신사동),서울 은평구,4.9,35.0,Evelyn (홍매),2023.06.10.,정보없음,NaN
30,Kakao,2,라이언베이커,서울 은평구 증산로17길 22-1 1층 (신사동),서울 은평구,4.9,35.0,이니맘림,2023.05.22.,정보없음,NaN
31,Kakao,2,라이언베이커,서울 은평구 증산로17길 22-1 1층 (신사동),서울 은평구,4.9,35.0,Joo,2023.05.11.,동네에서 소금빵 먹을수있어 넘 좋아요,NaN
32,Kakao,2,라이언베이커,서울 은평구 증산로17길 22-1 1층 (신사동),서울 은평구,4.9,35.0,오리너굴,2023.05.09.,"이 시대의 소금빵 맛집👍
커피도 맛나요",NaN
33,Kakao,2,라이언베이커,서울 은평구 증산로17길 22-1 1층 (신사동),서울 은평구,4.9,35.0,sky,2023.04.17.,"빵과 커피 맛집 ❤️🧡💛💚💙
트러플치즈치아바타 추천",NaN
34,Kakao,2,라이언베이커,서울 은평구 증산로17길 22-1 1층 (신사동),서울 은평구,4.9,35.0,뇸,2023.03.27.,소금빵 먹으러 자주 가는 곳,NaN
35,Kakao,2,라이언베이커,서울 은평구 증산로17길 22-1 1층 (신사동),서울 은평구,4.9,35.0,yundal,2023.02.25.,"이동네사는데 오늘 처음가봤어요.
빵맛에 반했어요ㅋ
친절하시고 커피도 맛있어요ㅎㅎ
자주올것같아요.",NaN
36,Kakao,2,라이언베이커,서울 은평구 증산로17길 22-1 1층 (신사동),서울 은평구,4.9,35.0,냠,2023.02.19.,"은평구 최고베이커리,,,🥹
증말 빵 하나같이 다 너무맛있어오",NaN
37,Kakao,2,라이언베이커,서울 은평구 증산로17길 22-1 1층 (신사동),서울 은평구,4.9,35.0,ㄷㅇ,2023.02.19.,정보없음,NaN
38,Kakao,2,라이언베이커,서울 은평구 증산로17길 22-1 1층 (신사동),서울 은평구,4.9,35.0,밤구,2023.01.22.,"빵 맛있고 매장도 깔끔하고 직원분들 친절하시고
커피는 디카페인에 두유 옵션까지 있을 정도로 음료 메뉴도 다양해서 좋습니다. 가까이 사시는 동네 분들이 부럽네요!",NaN
39,Kakao,2,라이언베이커,서울 은평구 증산로17길 22-1 1층 (신사동),서울 은평구,4.9,35.0,norm,2022.12.31.,빵 커피 둘 다 너무 맛있어요. 저희 동네에서 이런 베이커리 카페가 있었으면 좋겠어요,NaN
40,Kakao,2,라이언베이커,서울 은평구 증산로17길 22-1 1층 (신사동),서울 은평구,4.9,35.0,jieun,2022.12.17.,나만 알고 싶은데 소문이 벌써 났네요^^,NaN
41,Kakao,2,라이언베이커,서울 은평구 증산로17길 22-1 1층 (신사동),서울 은평구,4.9,35.0,CC,2022.11.10.,이런 동네 빵집이 있다는 게 너무 소중해요ㅜ,NaN
42,Kakao,2,라이언베이커,서울 은평구 증산로17길 22-1 1층 (신사동),서울 은평구,4.9,35.0,heeeeees,2022.10.22.,빵도 맛있고 커피도 너무너무 맛있어요💕,NaN
43,Kakao,2,라이언베이커,서울 은평구 증산로17길 22-1 1층 (신사동),서울 은평구,4.9,35.0,이히,2022.09.13.,"이런 카페가 집근처에 있어서 좋네요~

소금빵 진짜 맛있어요~

친절하게 메뉴도 추천해주셔서 도움 됐어요~ 
감사합니다~😊",NaN
44,Kakao,2,라이언베이커,서울 은평구 증산로17길 22-1 1층 (신사동),서울 은평구,4.9,35.0,:),2022.08.20.,사장님도 너무 친절하시고 소금빵 존맛…!,NaN
45,Kakao,2,라이언베이커,서울 은평구 증산로17길 22-1 1층 (신사동),서울 은평구,4.9,35.0,뿌리,2022.08.10.,분위기 좋고 맛있어요~!!! 소금빵 강추!,NaN
46,Kakao,2,라이언베이커,서울 은평구 증산로17길 22-1 1층 (신사동),서울 은평구,4.9,35.0,Bona,2022.08.07.,"소금빵 진짜 맛있더라구요
자주 갈게요 !!",NaN
47,Kakao,3,펀스터,서울 은평구 증산로3길 8-15 1층 (증산동),서울 은평구,5.0,17.0,누피,2024.04.03.,"빵 맛있고 쾌적하고 자리도 편해요 
손님 몰릴때도 친절하십니다 
치아바타, 식빵 등 식사빵 종류보다는 달달한 간식빵이 더 맛있습니다",NaN
48,Kakao,3,펀스터,서울 은평구 증산로3길 8-15 1층 (증산동),서울 은평구,5.0,17.0,띵,2024.03.23.,빵 진짜 맛있네요...,NaN
49,Kakao,3,펀스터,서울 은평구 증산로3길 8-15 1층 (증산동),서울 은평구,5.0,17.0,최우한,2024.02.12.,정보없음,NaN
50,Kakao,3,펀스터,서울 은평구 증산로3길 8-15 1층 (증산동),서울 은평구,5.0,17.0,이지,2024.02.11.,소금빵 크로와상 퀸아망 등 모두 맛있습니다,NaN
51,Kakao,3,펀스터,서울 은평구 증산로3길 8-15 1층 (증산동),서울 은평구,5.0,17.0,xx,2024.02.06.,밤빵이랑 바게트랑 치아바타 너무 맛있어요!!!!,NaN
52,Kakao,3,펀스터,서울 은평구 증산로3길 8-15 1층 (증산동),서울 은평구,5.0,17.0,haha,2023.11.11.,"몽블랑, 커피 👍🏻",NaN
53,Kakao,3,펀스터,서울 은평구 증산로3길 8-15 1층 (증산동),서울 은평구,5.0,17.0,몽,2023.10.30.,"가격이 저렴한 편은 아닌데, 빵 종류도 많고 맛있어요! 퀸아망은 극락의 맛입니다",NaN
54,Kakao,3,펀스터,서울 은평구 증산로3길 8-15 1층 (증산동),서울 은평구,5.0,17.0,주영,2023.10.16.,"자주 가는데, 빵 다 맛있어요😚
특히 퀸아망, 까눌레를 추천합니다. 아 식빵도 맛있어요! 카페 분위기도 좋고 예뻐요
빵 종류 더 늘려주세요 사장님~~~",NaN
55,Kakao,3,펀스터,서울 은평구 증산로3길 8-15 1층 (증산동),서울 은평구,5.0,17.0,뻐스,2023.09.22.,동네에 생겨주셔서 감사합니다.,NaN
56,Kakao,3,펀스터,서울 은평구 증산로3길 8-15 1층 (증산동),서울 은평구,5.0,17.0,민트에코,2023.09.03.,빵도 커피도 분위기도 맛집. 동네 주민한테 추천받고 왔다가 며칠만에 바로 재방문했어요. 동네에 이런 곳 있다는 게 넘 좋아요!!! 빵도 다 직접 만드시던데 맛있어요.,NaN
57,Kakao,3,펀스터,서울 은평구 증산로3길 8-15 1층 (증산동),서울 은평구,5.0,17.0,최정한,2023.07.14.,존맛탱 분위기쩐다..,NaN
58,Kakao,3,펀스터,서울 은평구 증산로3길 8-15 1층 (증산동),서울 은평구,5.0,17.0,:),2023.07.06.,"자주 방문하는 동네 카페
갈 때 마다 겁나 친절한 우리 사쟝님ㅎㅎ

커피 맛있고 강아지 대려오면 걸어두는 자리도있어요!",NaN
59,Kakao,3,펀스터,서울 은평구 증산로3길 8-15 1층 (증산동),서울 은평구,5.0,17.0,권준영,2023.07.06.,"동네에 이런곳이..
커피도 맛있고, 빵도 맛있고 사장님도 맛.. 아니 엄청 친절하세요 ..!",NaN
60,Kakao,3,펀스터,서울 은평구 증산로3길 8-15 1층 (증산동),서울 은평구,5.0,17.0,김지훈****Jay,2023.06.28.,빵 정말 맛있어요. 소금빵 밤빵 자주 먹게 되네요!,NaN
61,Kakao,3,펀스터,서울 은평구 증산로3길 8-15 1층 (증산동),서울 은평구,5.0,17.0,ththe,2023.06.28.,"빵도 넘 맛있고 분위기도 좋아요
다만 각 자리마다 가방을 보관할 수 있는 보관 바구니같은 게 있다면 더 좋을 것 같아용 ㅎㅎ",NaN
62,Kakao,3,펀스터,서울 은평구 증산로3길 8-15 1층 (증산동),서울 은평구,5.0,17.0,연어,2023.06.09.,"시그니처 커피두 맛있고 오렌지초코몽블랑 너무 맛있어요ㅠㅠ 여기는 다 맛있는 집인듯!! 
공간도 좋아서 자주 갈듯해요!!",NaN
63,Kakao,3,펀스터,서울 은평구 증산로3길 8-15 1층 (증산동),서울 은평구,5.0,17.0,꺄륵,2023.05.25.,카페 분위기도 좋고 커피도 맛있어요!!,NaN
64,Kakao,4,한나식빵본사,서울 은평구 가좌로7길 9 (응암동),서울 은평구,3.2,13.0,._.,2023.08.06.,여기는 처음에 1인 사장님께서 하셨을 때 진짜 어메이징한 맛이었는데 f&b 회사에서 프렌차이즈 화 하자고 한 뒤로 맛이나 속재료가 예전만 하지 못하게 되어 아쉬운 곳입니다. 갠적으로 호두식빵이랑 이나까가 진짜 맛있어요! 예전앤 밤식빵도 밤이 가득해서 좋았는데 요즘은ㅜ,NaN
65,Kakao,4,한나식빵본사,서울 은평구 가좌로7길 9 (응암동),서울 은평구,3.2,13.0,이상현,2022.09.17.,"처음 방문해서 우유식빵 사와봤는데 아주 맛있었습니다. 
입맛 까다로운 딸래미랑 남편이 좋아하네요~
1주에 한번씩 요 근처 오는데 그때마다 사가야겠어요. 
담엔 크랜베리 식빵이나 다른 식빵들도 시도해보고 싶네요. 
은평사랑상품권 사용 가능했습니다.",NaN
66,Kakao,4,한나식빵본사,서울 은평구 가좌로7길 9 (응암동),서울 은평구,3.2,13.0,맛있는게좋아,2022.01.11.,"식빵집이지만 발효빵보단 제과류가 맛있었어요.
쌀카스테라가 부드럽고 맛있습니다.
식빵은 조금 과발효시키는 감이 있습니다.",NaN
67,Kakao,4,한나식빵본사,서울 은평구 가좌로7길 9 (응암동),서울 은평구,3.2,13.0,히응히응,2021.08.11.,"인테리어가 업이다 보니 좋은 공간을 보기 위해서 여기 저기 돌아다니며 이런 저런 카페를 많이 다닌다.
그런 곳에가서 디저트 두어개와 커피 한 두잔이면 2만원이 훌쩍 넘어간다. 한나식빵에서 파는 빵들은 퀄리티에 비해 금액이 비싸지도 않다. 어제 퇴근이 늦은 아홉시가 되기전 아침에 먹으려고 빵을 사서 갈까 해서 들렸다 이사 온지는 몇개월이 되었지만 이때까지 들리지않은 이유는 글자의 무게를 모르는 사람들이 휘갈겨 쓴 리뷰에 나 또한 선동당해 가는게 꺼려졌었다.

불친절하다는 사장님께서도 불친절하지 않으셨고 빵이 맛이 없다고 하시는 분들은 신라호텔에서만 식사를 하는지도 궁금했다. 글자 몇개로 사람을 죽일 수 있다는 걸 알게 된 사회에서도 아직 이러는게  믿어지지가 않는다.

본인처럼 선동당해 방문을 꺼리거나 선입견이 생긴 사람들이라면 꼭 방문해보길 바란다
살면서 먹어본 우유 식빵 중 제일 맛있고 식감도 좋았다 꼭 한번 방문해보시길",NaN
68,Kakao,4,한나식빵본사,서울 은평구 가좌로7길 9 (응암동),서울 은평구,3.2,13.0,Mental 갑.,2021.06.06.,몇년만에 큰 기대로들렸는데. 왜 이리 망가졌나요?  다신  안갑니다.,NaN
69,Kakao,4,한나식빵본사,서울 은평구 가좌로7길 9 (응암동),서울 은평구,3.2,13.0,거짓말못해요,2020.10.03.,앙버터 소가 점점 줄어드네요 이러다 없어질듯,NaN
70,Kakao,4,한나식빵본사,서울 은평구 가좌로7길 9 (응암동),서울 은평구,3.2,13.0,두부두분,2020.04.22.,방송을 믿을 수 없다는 걸 몸소 알려준가게 솔직히 맛있었다. 방송타고 동네라 찾아갔는데 손님은 한 두명이었고 방송은 ○○○○쇼였다 방송타면서 식빵열풍에 체인점까지 나름 인기를  얻고있는데 예전만큼 열성적이지도않고 그러다보니까 빵맛도 별로고 그냥 동네빵집이 되어버렸다 장사도 잘 안하는지 할 마음이 없는지 불도 다 꺼놓고 장사한다 사람이 망가지거나 바뀐거같다,NaN
71,Kakao,4,한나식빵본사,서울 은평구 가좌로7길 9 (응암동),서울 은평구,3.2,13.0,더로이,2019.10.08.,오우 이 정도 가격 받을만한 퀄러티 아니에요.,NaN
72,Kakao,4,한나식빵본사,서울 은평구 가좌로7길 9 (응암동),서울 은평구,3.2,13.0,나영수,2018.10.16.,빵은 먹을만한데 주인 서비스마인드가 별로임 손님와도 인사도 없고 핸드폰통화 계속하고 빵도 뜨거워서 못잘라준다하는데 하나도 안뜨거움 ㅋㅋㅋㅋㅋ 걍 이 가격이면 파리바케트 가세요,NaN
73,Kakao,4,한나식빵본사,서울 은평구 가좌로7길 9 (응암동),서울 은평구,3.2,13.0,서지,2018.03.11.,정보없음,NaN
74,Kakao,4,한나식빵본사,서울 은평구 가좌로7길 9 (응암동),서울 은평구,3.2,13.0,고독한 탐식가,2018.02.28.,"'생활의 달인' 추천의 전국 5대 식빵. 5대 식빵 중에서 연남동 '미소식빵'과 신촌 '김진환제과점'은 알겠는데 나머지는 어디인지 ?  유기농 재료를 사용한, 건강한 식빵으로 유명한데 베스트셀러인 밤식빵은 푸짐하게 들어간 밤과 쫀득한 식감의 어우러짐이 일품이다.",NaN
75,Kakao,4,한나식빵본사,서울 은평구 가좌로7길 9 (응암동),서울 은평구,3.2,13.0,송정섭,2016.11.25.,메뉴는 오로지 식빵만~~ 가게 설비가 너무 적어 식빵이 한시간에 12개 정도만 나오니 누구입에 붙여~~일인당 한개~~당분간은 안가는게 좋을듯~~한시간 기다려 번호표 받고 또 한시간 기다리고~~손님도 적지않지만 나오는 빵이 너무 적어서리~~,NaN
76,Kakao,4,한나식빵본사,서울 은평구 가좌로7길 9 (응암동),서울 은평구,3.2,13.0,Charlie Jin,2016.09.02.,"최고의 식빵.  유기농.  오랜 숙성. 좋은 재료.
하루 제한된 량과 교통이 불편해서 구입을 하는게 문제
(어느 경우에는 40분 기다리라고 함 - 예약을 해 놓고 예약된 빵 나오는 시간에 가서 픽업하는 것이 최상책)
테이블은 창가에 붙은 작은 것 딱 하나 있음. 사진은 크랜베리 식빵.",NaN
77,Kakao,5,라이언베이커제과점,서울 은평구 통일로 767 지하1층 B123호 (대조동),서울 은평구,4.4,19.0,빠삐용,2024.03.31.,"소금빵 맛있음..
시간대별로 빵이 나와서 잘 보고 가세요~",NaN
78,Kakao,5,라이언베이커제과점,서울 은평구 통일로 767 지하1층 B123호 (대조동),서울 은평구,4.4,19.0,차영인,2024.03.26.,"맛도 좋았고 직원도 친절해서 집에와서 기분좋게 
먹었습니다~",NaN
79,Kakao,5,라이언베이커제과점,서울 은평구 통일로 767 지하1층 B123호 (대조동),서울 은평구,4.4,19.0,.,2024.03.19.,"18일 오후 직원분인지 사장님인지
되게 불친절하심
조용히 빵만 사러 간 사람한테 불만 있으세요?",NaN
80,Kakao,5,라이언베이커제과점,서울 은평구 통일로 767 지하1층 B123호 (대조동),서울 은평구,4.4,19.0,DA(안좋으면귀찮아서...,2024.02.22.,바닥이 바삭하고 속은 촉촉한 소금빵.. 특히 명란감태소금빵이 맛있어요.. 제과점은 테이크아웃만 가능,NaN
81,Kakao,5,라이언베이커제과점,서울 은평구 통일로 767 지하1층 B123호 (대조동),서울 은평구,4.4,19.0,애볼,2024.02.20.,두번째 방문인데 오늘은 계란비린맛이 나서 다 못먹었어요 에그타루트는 맛있었어요 근데 방문때마다 느끼는건데 오늘 오후 단발머리 직원뷴은 너무 불친절하네요 ㅠ,NaN
82,Kakao,5,라이언베이커제과점,서울 은평구 통일로 767 지하1층 B123호 (대조동),서울 은평구,4.4,19.0,bb2828,2024.01.30.,"라이언베이커 새절역점에서 먹어보고 반해서
품절난 빵 찾으러 본점까지 찾아온 사람 나야나...
사장님 신메뉴 땅콩찰빵 초코찰빵 너무 맛있어요!!!",NaN
83,Kakao,5,라이언베이커제과점,서울 은평구 통일로 767 지하1층 B123호 (대조동),서울 은평구,4.4,19.0,룰루랄라,2024.01.28.,정보없음,NaN
84,Kakao,5,라이언베이커제과점,서울 은평구 통일로 767 지하1층 B123호 (대조동),서울 은평구,4.4,19.0,hh,2024.01.27.,생크림 케이크랑 소금빵 맛있어요! 직원분도 친절하십니다.,NaN
85,Kakao,5,라이언베이커제과점,서울 은평구 통일로 767 지하1층 B123호 (대조동),서울 은평구,4.4,19.0,R,2024.01.12.,정보없음,NaN
86,Kakao,5,라이언베이커제과점,서울 은평구 통일로 767 지하1층 B123호 (대조동),서울 은평구,4.4,19.0,aa,2023.12.26.,"제과류도 괜찮은데 (일부러 찾아올 맛은 아닌데 가격이 훌륭함) 소금빵 유명한 이유가 있더라구요 바닥 빠작빠작하면서 고소하고 존맛 다음에는 케이크도 먹어볼 거예요
23.7.6
+++
케이크는 그저 그렇네요^^;;",NaN
87,Kakao,5,라이언베이커제과점,서울 은평구 통일로 767 지하1층 B123호 (대조동),서울 은평구,4.4,19.0,coco,2023.12.22.,"그냥 계속 생각나는 빵집입니다. 케이크도 맛있고
케이크 한조각 이상을 먹어 본적 없는데 여기꺼는 너무 맛있게 한번에 두조각도 거뜬하게 먹었네요.",NaN
88,Kakao,5,라이언베이커제과점,서울 은평구 통일로 767 지하1층 B123호 (대조동),서울 은평구,4.4,19.0,@-@,2023.11.19.,사장님이 엄청 친절하고 빵 종류별로 다 맛있어서 자주 가고 싶어요!,NaN
89,Kakao,5,라이언베이커제과점,서울 은평구 통일로 767 지하1층 B123호 (대조동),서울 은평구,4.4,19.0,쿄효효호,2023.10.02.,역대급 소금빵 디저트,NaN
90,Kakao,5,라이언베이커제과점,서울 은평구 통일로 767 지하1층 B123호 (대조동),서울 은평구,4.4,19.0,이홍규,2023.08.28.,가성비 좋은 디저트네요.,NaN
91,Kakao,5,라이언베이커제과점,서울 은평구 통일로 767 지하1층 B123호 (대조동),서울 은평구,4.4,19.0,ㅇㅇ,2023.08.13.,까눌레 빨미까레 맛있네요,NaN
92,Kakao,5,라이언베이커제과점,서울 은평구 통일로 767 지하1층 B123호 (대조동),서울 은평구,4.4,19.0,keypoint,2023.07.22.,"소금빵이 너무 맛있고 아메리카노랑도 너무 잘 어울리네요.
집주변에 맛있는 빵집이 생겨서 너무 좋아요.",NaN
93,Kakao,5,라이언베이커제과점,서울 은평구 통일로 767 지하1층 B123호 (대조동),서울 은평구,4.4,19.0,언제나청춘,2023.07.11.,소금빵과 프레첼이 맛있습니다.,NaN
94,Kakao,5,라이언베이커제과점,서울 은평구 통일로 767 지하1층 B123호 (대조동),서울 은평구,4.4,19.0,.,2023.07.04.,너무 유명해져서 나중엔 품절돼서 못살까봐 걱정이다. 그정도로 모든 빵이 다 맛있음.,NaN
95,Kakao,5,라이언베이커제과점,서울 은평구 통일로 767 지하1층 B123호 (대조동),서울 은평구,4.4,19.0,디니,2023.06.09.,커피도 맛있고 베이커리류는 더 맛있습니다!!,NaN
96,Kakao,6,노블티,서울 은평구 연서로 514 1층 (진관동),서울 은평구,4.0,13.0,백곰,2024.03.17.,괜찮긴한데 노래 잔잔한 클래식같은거만 틀어도 가게 분위기가 확살것같아요.. 카페에서 브리트니스피어스 노래가 나오네요..,NaN
97,Kakao,6,노블티,서울 은평구 연서로 514 1층 (진관동),서울 은평구,4.0,13.0,쩝쩝박사,2024.02.09.,"주차와 뷰는 좋았으나 딱 그정도 빵은 너무 평범한데, 사장이 불친절하여 다시는 가고 싶지 않은 곳.",NaN
98,Kakao,6,노블티,서울 은평구 연서로 514 1층 (진관동),서울 은평구,4.0,13.0,최병근,2024.01.16.,"빵이 진짜 맛있어요.
매일 빵을 직접 만드시는것 같고
신선해서 좋아요.
사장님? 직원분들도 친절 하고 분위기도 좋습니다.
루프탑 사진이 없어서 못올리는데 진짜 뷰가 미쳤어요.
#소금빵 #휘낭시에 #케이크",NaN
99,Kakao,6,노블티,서울 은평구 연서로 514 1층 (진관동),서울 은평구,4.0,13.0,정보 없음,2024.01.15.,완벽한 휴일의 힐링이었습니다소금빵 케이크 휘낭시에,NaN
100,Kakao,6,노블티,서울 은평구 연서로 514 1층 (진관동),서울 은평구,4.0,13.0,최정운 / 픽셀그라운...,2024.01.13.,매장에서 직접 다 만드는 베이커리라 그런지 너무 맛있어요~ 흑임자 라떼도 진짜 고소!! 눈쌓인 북한산 뷰로 힐링하구 왔네용 :),NaN
101,Kakao,6,노블티,서울 은평구 연서로 514 1층 (진관동),서울 은평구,4.0,13.0,장혜연,2024.01.13.,포카치아랑 흑임자라떼 먹었는데 직원분들도 친절하시고 빵이랑 음료 다 맛있어요!! 경치랑 분위기도 좋고 빵종류도 많습니다!!,NaN
102,Kakao,6,노블티,서울 은평구 연서로 514 1층 (진관동),서울 은평구,4.0,13.0,돼랑이,2023.12.27.,정보없음,NaN
103,Kakao,6,노블티,서울 은평구 연서로 514 1층 (진관동),서울 은평구,4.0,13.0,김수연,2023.11.18.,빵은 진짜 맛있는데 덮개도 없고 매장에서 먹는데도 차가운 상태로 데우지도 않고 그냥 주네요 그리고 알바가 영... 이런 알바때문에 엠제트가 싸잡혀 욕먹는구나 싶을 정도로 들어가자마자 주문 호출하는 마이크로 장난치고 있었고 음료 만드는 내내 떠들고 음료에 올릴 크림 휘핑 치는거만 10분은 걸린듯합니다 사장 지인같은 사람 왔는데 응대 태도 보고 식겁했어요,NaN
104,Kakao,6,노블티,서울 은평구 연서로 514 1층 (진관동),서울 은평구,4.0,13.0,olm,2023.10.28.,넘 예쁘고 분위기 좋은 카페예요! 북한산 뷰가 넘나 기분좋고 멋있어요 음료랑 빵도 넘 괜찮아서 앙버터소금빵은 다먹고 하나 더 사왔어요 ㅋㅋㅋㅋ 정말 굳,NaN
105,Kakao,6,노블티,서울 은평구 연서로 514 1층 (진관동),서울 은평구,4.0,13.0,jin.☆,2023.10.24.,완전 개별로입니다,NaN
106,Kakao,6,노블티,서울 은평구 연서로 514 1층 (진관동),서울 은평구,4.0,13.0,뚜벅이,2023.10.10.,정보없음,NaN
107,Kakao,6,노블티,서울 은평구 연서로 514 1층 (진관동),서울 은평구,4.0,13.0,먹뜌꾸미,2023.09.26.,"뷰 너무 좋고, 빵도 맛있고 커피도 맛있어서 좋았어요! 포카치아 종류 베스트 >_< !! 
선물용으로 빵도 포장했어요. 
6층 테라스 올라가서 운좋게 북한산 뷰 자리! 바람 선선하고 커피 맛있으니 단골 예약이요! 주차도 편하고 재방문 의사 200프로에요.",NaN
108,Kakao,6,노블티,서울 은평구 연서로 514 1층 (진관동),서울 은평구,4.0,13.0,seofon,2023.09.07.,북한산 경관이 이쁜 루프탑!,NaN
109,Kakao,7,동네빵네하얀풍차,서울 은평구 통일로87길 17 1층 (갈현동),서울 은평구,4.1,7.0,YOO HOO,2024.03.23.,다 맛있어요. 특히 우유 식빵과 생크림 케이크 강추입니다!,NaN
110,Kakao,7,동네빵네하얀풍차,서울 은평구 통일로87길 17 1층 (갈현동),서울 은평구,4.1,7.0,맛쪼니,2024.02.20.,"우유식빵 정말 맛있습니다. 촉촉하고 부드럽고 아침10시즈음 가면 바로 나온 우유식빵을 드실 수 있습니다. 저는 한번에 두세개씩 사서 쟁겨놓고 먹고 있습니다. 생크림케이크도 정말 맛있는데  만드신 당일보다 익일에 드시면 시트도 맛있고 부드럽고 생크림도 자연스럽게 녹아져 더 좋습니다.

공갈빵도 정말 맛있습니다!!!",NaN
111,Kakao,7,동네빵네하얀풍차,서울 은평구 통일로87길 17 1층 (갈현동),서울 은평구,4.1,7.0,kambiz,2024.01.19.,very nice 👌,NaN
112,Kakao,7,동네빵네하얀풍차,서울 은평구 통일로87길 17 1층 (갈현동),서울 은평구,4.1,7.0,HMM대주주,2021.12.27.,불친절함,NaN
113,Kakao,7,동네빵네하얀풍차,서울 은평구 통일로87길 17 1층 (갈현동),서울 은평구,4.1,7.0,곰준호™,2021.11.15.,"사실상 유일하게 살아 남은 동네빵집이라서 자주 찾고 있음
이 집은 간식빵도 좋지만 매력은 식빵류에 있다고 생각함",NaN
114,Kakao,7,동네빵네하얀풍차,서울 은평구 통일로87길 17 1층 (갈현동),서울 은평구,4.1,7.0,서울시청,2021.03.25.,"빵이 전체적으로 매우 달콤하고 부드럽지만 설탕, 버터가 과하게 들어간 편입니다. 주인으로 보이는 아주머니는 꽤나 불친절합니다.",NaN
115,Kakao,7,동네빵네하얀풍차,서울 은평구 통일로87길 17 1층 (갈현동),서울 은평구,4.1,7.0,하하,2020.04.11.,"맛있음 
사장님이 열정이 넘침 눈빛이 참 초롱초롱하셨음
카운터봐주는 아주머니는 불친절함 
그래서 맨날 내가 먼저 매너있는 척해야됨 
안그러면 사람대접 안해줘서...",NaN
135,Kakao,9,쿠아레비구산점,서울 은평구 서오릉로 149 세웅그룹빌딩 1층 (구산동),서울 은평구,4.8,15.0,ㅇㅙ,2024.04.01.,죽여줘요,NaN
136,Kakao,9,쿠아레비구산점,서울 은평구 서오릉로 149 세웅그룹빌딩 1층 (구산동),서울 은평구,4.8,15.0,김창연,2024.03.27.,정보없음,NaN
137,Kakao,9,쿠아레비구산점,서울 은평구 서오릉로 149 세웅그룹빌딩 1층 (구산동),서울 은평구,4.8,15.0,꼬로록,2023.09.16.,"빨리 날씨 선선해져서 앙버터바게트? 했음 좋겠어여!! 빵까지 존맛인데..
앙버터샌드도 빵이 부드러워서 맛있긴 하지만..
커피 맛도 좋아요 

타이포 말고 다람쥐 캐릭터로 스티커나 플로킹백 만들어주심 좋겠어요!",NaN
138,Kakao,9,쿠아레비구산점,서울 은평구 서오릉로 149 세웅그룹빌딩 1층 (구산동),서울 은평구,4.8,15.0,냠,2023.08.31.,"내 인생 빵집 ✨️
빵이 다 너무 맛있다! 보통 좋은 재료로 만든 담백한 빵은 살짝 거친 느낌이 있는데 쿠아레비 빵은 너무 촉촉하고 쫄깃쫄깃하고 맛있다
빵이나 디저트류 전부 다 맛있고 음료도 너무 맛있어요! (에이드 종류 중에 살구랑 금귤이 정말 최고... 🥺)
일하시는 분들도 다들 너무 친절하시고 분위기도 너무 좋아요 😎 쿠아레비 들르는 모든 사람들이 늘 행복했으면!",NaN
139,Kakao,9,쿠아레비구산점,서울 은평구 서오릉로 149 세웅그룹빌딩 1층 (구산동),서울 은평구,4.8,15.0,현서,2023.03.19.,대 박,NaN
140,Kakao,9,쿠아레비구산점,서울 은평구 서오릉로 149 세웅그룹빌딩 1층 (구산동),서울 은평구,4.8,15.0,매니페스토는 등급제O...,2022.10.13.,역촌역쪽에도 있지만 구산역점이 더 좋습니다. 통밀스콘이 백밀없이 통밀만 들어간다 해서 갈 때마다 스콘을 왕창 사옵니다. 가까우면 더 자주 갔을텐데 아쉽습니다.,NaN
141,Kakao,9,쿠아레비구산점,서울 은평구 서오릉로 149 세웅그룹빌딩 1층 (구산동),서울 은평구,4.8,15.0,Dain Lim,2021.09.13.,"기본에 충실한, 그런데 기본이 사실 기본이 아닌 엄청 고급진 그런맛…:-) 
바게트 샌드위치 정말 맛있어요.
씹으면 씹을 수록 고소한 바게트 빵에 
감칠맛 폭발하는 치즈, 짜지않고 담백한 햄, 아삭하고 싱그러운 제철 야채..
맨날 먹고 싶어요.",NaN
142,Kakao,9,쿠아레비구산점,서울 은평구 서오릉로 149 세웅그룹빌딩 1층 (구산동),서울 은평구,4.8,15.0,꾸,2021.08.21.,젤 좋아하는 빵집,NaN
143,Kakao,9,쿠아레비구산점,서울 은평구 서오릉로 149 세웅그룹빌딩 1층 (구산동),서울 은평구,4.8,15.0,장대감,2021.08.19.,"""무토바통""  맛있습니다 별거 아닌거 같은데 끝없이 먹게 되는 맛",NaN
144,Kakao,9,쿠아레비구산점,서울 은평구 서오릉로 149 세웅그룹빌딩 1층 (구산동),서울 은평구,4.8,15.0,illllilllli...,2021.04.17.,갠적으로 까눌레랑 마들렌이랑 바닐라쿠키 초코쿠키 파운드케잌 이런 작은 티푸드들이 맛나요.. 오래 영업하셨으면..,NaN
145,Kakao,9,쿠아레비구산점,서울 은평구 서오릉로 149 세웅그룹빌딩 1층 (구산동),서울 은평구,4.8,15.0,쿠키,2020.12.21.,최고체고최고 은평구 최애빵맛집,NaN
146,Kakao,9,쿠아레비구산점,서울 은평구 서오릉로 149 세웅그룹빌딩 1층 (구산동),서울 은평구,4.8,15.0,ㅇㅅㅇ,2020.07.23.,음료는 별로.. 빵은 진짜 맛있다 특히 올리브 마카다미아넛 맛있고 까눌레도 괜찮음,NaN
147,Kakao,9,쿠아레비구산점,서울 은평구 서오릉로 149 세웅그룹빌딩 1층 (구산동),서울 은평구,4.8,15.0,1345,2020.05.27.,빵이 하나같이 다 너무 맛나요. 건강하고 신선한 느낌이에요. 내부 분위기도 좋네요,NaN
148,Kakao,9,쿠아레비구산점,서울 은평구 서오릉로 149 세웅그룹빌딩 1층 (구산동),서울 은평구,4.8,15.0,백훈,2020.05.11.,건강한빵이더군요. 함 드셔보시길 추천해요!,NaN
149,Kakao,9,쿠아레비구산점,서울 은평구 서오릉로 149 세웅그룹빌딩 1층 (구산동),서울 은평구,4.8,15.0,황규온,2019.10.26.,"빵이 맛있고, 여유롭고 편안한 분위기라 좋아요.",NaN
155,Kakao,11,도돌이표,서울 은평구 진관3로 70 롯데캐슬 823동 상가 1층 106호 (진관동),서울 은평구,4.6,17.0,gamsung,2023.12.31.,"가성비 갑 인테리어도 아기자기 따뜻한 느낌에
이런 퀄리티가 은평뉴타운에있다니..
널리널리 소문나야합니다
은평구 통틀어 아니 서울빵집중 맛집에 손에 꼽습니다",NaN
156,Kakao,11,도돌이표,서울 은평구 진관3로 70 롯데캐슬 823동 상가 1층 106호 (진관동),서울 은평구,4.6,17.0,김홍용,2023.09.06.,정보없음,NaN
157,Kakao,11,도돌이표,서울 은평구 진관3로 70 롯데캐슬 823동 상가 1층 106호 (진관동),서울 은평구,4.6,17.0,Dddd,2023.05.18.,구파발에서 가장 맛있는 빵집👍👍,NaN
158,Kakao,11,도돌이표,서울 은평구 진관3로 70 롯데캐슬 823동 상가 1층 106호 (진관동),서울 은평구,4.6,17.0,ㅇㅇ,2022.08.22.,카야버터 크로와상이랑 소금빵 진짜 맛있음 다른것도 자주 사먹는 중 다 맛있어 ㅜㅜ,NaN
159,Kakao,11,도돌이표,서울 은평구 진관3로 70 롯데캐슬 823동 상가 1층 106호 (진관동),서울 은평구,4.6,17.0,fromu,2022.06.27.,맛있어요 알바생인거 같은 직원분이 친절하진 않은데… 빵은 가격 대비 맛있어요,NaN
160,Kakao,11,도돌이표,서울 은평구 진관3로 70 롯데캐슬 823동 상가 1층 106호 (진관동),서울 은평구,4.6,17.0,내돈내산.,2022.05.27.,크로아상 진짜 미쳤어요! 이집보다 맛있는 크로아상집 못찾음. -갈현동 빵순이-,NaN
161,Kakao,11,도돌이표,서울 은평구 진관3로 70 롯데캐슬 823동 상가 1층 106호 (진관동),서울 은평구,4.6,17.0,참외,2022.05.14.,진관동에 이런 귀한 베이커리가 있다니 정말 감사합니다,NaN
162,Kakao,11,도돌이표,서울 은평구 진관3로 70 롯데캐슬 823동 상가 1층 106호 (진관동),서울 은평구,4.6,17.0,호빵,2021.12.16.,앙치즈볼 정말 안먹은 사람 없게해주세요.. 너무 맛있어요! 휘낭시에랑 쿠키도 선물 주니 다들 좋아하시네요 ㅎㅎㅎ,NaN
163,Kakao,11,도돌이표,서울 은평구 진관3로 70 롯데캐슬 823동 상가 1층 106호 (진관동),서울 은평구,4.6,17.0,후,2021.07.11.,정보없음,NaN
164,Kakao,11,도돌이표,서울 은평구 진관3로 70 롯데캐슬 823동 상가 1층 106호 (진관동),서울 은평구,4.6,17.0,쏘냐도르,2021.05.09.,"맛: 맛없는건 없었던거같아요
서비스: 적당
인테리어: 좁아서 그냥 사가는곳
기타: 동네에 이런 빵집 있어서 좋네요 ㅎㅎ",NaN
165,Kakao,11,도돌이표,서울 은평구 진관3로 70 롯데캐슬 823동 상가 1층 106호 (진관동),서울 은평구,4.6,17.0,히후,2020.10.26.,"앙치즈볼 진짜 맛있어요
가격도 이 퀄리티에 착하네요",NaN
166,Kakao,11,도돌이표,서울 은평구 진관3로 70 롯데캐슬 823동 상가 1층 106호 (진관동),서울 은평구,4.6,17.0,눈누난나,2020.10.25.,"일단 빵맛을 떠나서 주차하기도 정말 힘들었는데 겨우 갔더니 사장인지 알바인지 태도가 이상해서 한마디 씁니다.
빵 하나 구경하려고 집었는데, 포스기에서 띡띡 거려서 ""뭐지?"" 내가 집으면 바로 체크하나 했는데 마들렌 집자마자 또 띡 소리가 나더라구요.
그순간 신경쓰여서 빵을 못골랐습니다.
그리고 계산하면서 계산대 옆에 ""Best3 빵"" 태그 빠져있길래 그게 뭔지 물어봤는데
물어보는게 죄인가요?? 무표정하게 단호박이요. 이러는데 내가 더이상 무서워서 더 뭘 물어보나요.",NaN
167,Kakao,11,도돌이표,서울 은평구 진관3로 70 롯데캐슬 823동 상가 1층 106호 (진관동),서울 은평구,4.6,17.0,진짜좋은곳만남기는리뷰,2020.10.18.,빵 진짜 맛있어요 요런 빵집 은평구에 있다는 것이 감사.. 좀 비싸다고 생각될 순 있으나 가격에 걸맞음,NaN
168,Kakao,11,도돌이표,서울 은평구 진관3로 70 롯데캐슬 823동 상가 1층 106호 (진관동),서울 은평구,4.6,17.0,charman,2020.08.29.,감자빵 맛있어요 존듯존득 담백,NaN
169,Kakao,11,도돌이표,서울 은평구 진관3로 70 롯데캐슬 823동 상가 1층 106호 (진관동),서울 은평구,4.6,17.0,하루종일처먹기,2020.04.20.,빵은 막 싸진 않지만 가격에 걸맞는 퀄리티를 보여준다. 빵과 음료 모두 맛있다. 스탬프 찍어주신다. 매장 안엔 테이블이 많이 없어서 테이크아웃 위주임,NaN
170,Kakao,11,도돌이표,서울 은평구 진관3로 70 롯데캐슬 823동 상가 1층 106호 (진관동),서울 은평구,4.6,17.0,고양이,2020.04.20.,은평뉴타운에서 가장 빵 잘하는 가게입니다. 다른 종류도 잘하시지만 탕종식빵이 특히 쫀득쫀득하고 맛있어요 :),NaN
171,Kakao,11,도돌이표,서울 은평구 진관3로 70 롯데캐슬 823동 상가 1층 106호 (진관동),서울 은평구,4.6,17.0,스스로불러온재앙에짓눌...,2019.12.23.,정보없음,NaN
172,Kakao,12,가을이네케이크,서울 은평구 역말로6길 12-7 더퍼스트빌 상가 101호 (역촌동),서울 은평구,5.0,1.0,땡구리,2023.12.29.,"케이크 
케이크 맛집에 예쁘기까지!!
눈으로 먹고 입으로 보세요^^",NaN
173,Kakao,13,안아줘베이킹,서울 은평구 연서로20길 6-10 101호 (대조동),서울 은평구,4.9,14.0,❣️,2024.02.25.,"요즘 도시락케이크집 많은데 디자인 예뻐도 맛없는데 많음 색소맛나고 근데 여기는 진짜 맛잇음
기념일아니더라도 사먹구 싶어요
사장님이 좋은 재료 쓰시나봐요🫶🏻
먼가 케이크가게도 힙하구 담에 또 들리고 싶음!!잘 먹었습니다~~!",NaN
174,Kakao,13,안아줘베이킹,서울 은평구 연서로20길 6-10 101호 (대조동),서울 은평구,4.9,14.0,강정,2023.07.07.,도시락 레터링 케이크 여러군데 해봤지만 여기 인스타만 들아가봐도 알거다 걍 원탑임 디자인 이쁘고 맛다양하고 맛있기까지 함 유일한 단점이라면 지하철역이랑 멀다는거 억지로 짜내면 이거 하나다 기념일에 레터링 케이크가 필요하다면 무조건 안아줘베이킹 추천,NaN
175,Kakao,13,안아줘베이킹,서울 은평구 연서로20길 6-10 101호 (대조동),서울 은평구,4.9,14.0,헬로,2023.05.29.,정보없음,NaN
176,Kakao,13,안아줘베이킹,서울 은평구 연서로20길 6-10 101호 (대조동),서울 은평구,4.9,14.0,맛집감별사,2022.09.08.,문의 응대도 친절하시고 데코도 요구사항 찰떡같이 이해하시고 예쁘게 만들어주셨어요! 무엇보다 맛이 좋아서 만족했어요 ㅎㅎ 저는 크림치즈류 안 좋아하는데 여긴 생크림이 있어서 좋았어요 여태까지 도시락케이크 여기저기 주문 해봤는데 여기가 제일 맛있었어요~,NaN
177,Kakao,13,안아줘베이킹,서울 은평구 연서로20길 6-10 101호 (대조동),서울 은평구,4.9,14.0,도치,2022.07.15.,하루 전에 급하게 문의 드렸는데 운 좋게 밀린 예약이 없어서인지 원하는 시간에 픽업할 수 있었고 심지어 너무 고퀄리티로 만들어 주셨어요..! 그리고 사장님께서 정말 친절하셔서 감사했습니다 다음에 또 방문할게요!,NaN
178,Kakao,13,안아줘베이킹,서울 은평구 연서로20길 6-10 101호 (대조동),서울 은평구,4.9,14.0,맛집헌터즈,2022.07.08.,"늘 요기서 주문해요
사장님 매번 웃는얼굴로 친절하시구
카톡으로도 변경사항 잘 받아주셔유
무엇보다 맛잇음 다른덴 버터크림이라 별론데",NaN
179,Kakao,13,안아줘베이킹,서울 은평구 연서로20길 6-10 101호 (대조동),서울 은평구,4.9,14.0,서대문구대표돼지,2022.06.28.,정말 친절하시고 바로 전날에도 잘 받아주세요...! 보통 레터링케이크집 이렇게 친절하고 피드백주는 곳 진짜 없는데 .. 그리고 가장 중요한건 >>>맛있음<<< 맛없으면 사실 받고 약간 짐덩어리 되는건데 초코케익 존맛이에요,NaN
180,Kakao,13,안아줘베이킹,서울 은평구 연서로20길 6-10 101호 (대조동),서울 은평구,4.9,14.0,io,2022.06.18.,"이뻐요 이근처 다른곳 레터링 케이크 주문했는데 여기보다
더비싸고 디자인별로였는데 여기는 가격도 괜찮구 디자인 너무 이쁘고 친절하세요",NaN
181,Kakao,13,안아줘베이킹,서울 은평구 연서로20길 6-10 101호 (대조동),서울 은평구,4.9,14.0,소럽,2022.03.10.,퀄리티도 좋은데 맛도 있어서 기념일만 있으면 맨날 주문 예약해요!,NaN
182,Kakao,13,안아줘베이킹,서울 은평구 연서로20길 6-10 101호 (대조동),서울 은평구,4.9,14.0,쏭,2022.03.04.,친절하시고 되게 케잌도 예쁘게 만들어주십니다. 굿!,NaN
183,Kakao,13,안아줘베이킹,서울 은평구 연서로20길 6-10 101호 (대조동),서울 은평구,4.9,14.0,jenn,2021.07.01.,"사장님 정말 친절하시고
케이크는 맛과 예쁨 모두 다 잡았네요!!",NaN
184,Kakao,13,안아줘베이킹,서울 은평구 연서로20길 6-10 101호 (대조동),서울 은평구,4.9,14.0,진진,2021.03.03.,"동생 생일파티하려고 찾다가 주문했어요!
케이크가 생각보다 작았지만 만족합니다~
응대도 빨라서 좋았구, 담번에도 이용할게요!",NaN
185,Kakao,13,안아줘베이킹,서울 은평구 연서로20길 6-10 101호 (대조동),서울 은평구,4.9,14.0,명*,2020.10.17.,정보없음,NaN
186,Kakao,13,안아줘베이킹,서울 은평구 연서로20길 6-10 101호 (대조동),서울 은평구,4.9,14.0,♡,2020.07.14.,주문한 도안대로 이쁘게 만들어주심 맛도 괜찮음,NaN
187,Kakao,14,복호두은평역촌점,서울 은평구 진흥로1길 28 아그네스풍림아이원 1층 109호 (역촌동),서울 은평구,5.0,8.0,곱상녀,2024.03.01.,친절하시고 호두과자 짱~~~,NaN
188,Kakao,14,복호두은평역촌점,서울 은평구 진흥로1길 28 아그네스풍림아이원 1층 109호 (역촌동),서울 은평구,5.0,8.0,여민,2024.02.01.,정보없음,NaN
189,Kakao,14,복호두은평역촌점,서울 은평구 진흥로1길 28 아그네스풍림아이원 1층 109호 (역촌동),서울 은평구,5.0,8.0,이영순 한나성민맘,2024.01.30.,정보없음,NaN
190,Kakao,14,복호두은평역촌점,서울 은평구 진흥로1길 28 아그네스풍림아이원 1층 109호 (역촌동),서울 은평구,5.0,8.0,펭귄,2023.06.10.,"맛있어요!
부모님 사드렸는데
아빠가 넘 맛있다고하네요 ㅎㅎ",NaN
191,Kakao,14,복호두은평역촌점,서울 은평구 진흥로1길 28 아그네스풍림아이원 1층 109호 (역촌동),서울 은평구,5.0,8.0,레인보우,2022.11.23.,맛있어요  매장도 깨끗해서 더 마음에 들어요,NaN
192,Kakao,14,복호두은평역촌점,서울 은평구 진흥로1길 28 아그네스풍림아이원 1층 109호 (역촌동),서울 은평구,5.0,8.0,실버스,2022.07.11.,앙버터 최고,NaN
193,Kakao,14,복호두은평역촌점,서울 은평구 진흥로1길 28 아그네스풍림아이원 1층 109호 (역촌동),서울 은평구,5.0,8.0,단정한 미식가,2022.04.15.,저희 집 근처에 없는데 먹어보고 싶어서 엄마가 사다 주셨어요~ 맛있어요 포장도 이쁘고 선물하기도 좋을 것 같아요 :) !,NaN
194,Kakao,14,복호두은평역촌점,서울 은평구 진흥로1길 28 아그네스풍림아이원 1층 109호 (역촌동),서울 은평구,5.0,8.0,솔직,2022.02.11.,앙버터 존 맛!!,NaN
207,Kakao,16,크렘마마,서울 은평구 서오릉로 134 1층 (대조동),서울 은평구,4.7,15.0,옴뇸뇸,2023.12.03.,빵 안좋아하는데 진짜 여긴 넘사입니다 먹고나서 또 생각나긴 처음이에요,NaN
208,Kakao,16,크렘마마,서울 은평구 서오릉로 134 1층 (대조동),서울 은평구,4.7,15.0,맛있는게제일좋아,2023.09.22.,당일 판매하고 기한 지난건 할인 판매해서 좋아요 그래서 빵이 신선하고 맛은 당연히 좋습니다 번창하세요~!!,NaN
209,Kakao,16,크렘마마,서울 은평구 서오릉로 134 1층 (대조동),서울 은평구,4.7,15.0,밍숭맹숭,2023.06.09.,구산역에 몇 안되는 빵집인데 사장님이 친절하고 빵도 맛있어요,NaN
210,Kakao,16,크렘마마,서울 은평구 서오릉로 134 1층 (대조동),서울 은평구,4.7,15.0,후후후,2023.05.28.,케이크는 구산 원탑이라 생각합니다,NaN
211,Kakao,16,크렘마마,서울 은평구 서오릉로 134 1층 (대조동),서울 은평구,4.7,15.0,불타는호빵,2023.04.18.,생크림 케이크 맛집 당일 예약도 가능,NaN
212,Kakao,16,크렘마마,서울 은평구 서오릉로 134 1층 (대조동),서울 은평구,4.7,15.0,먹보밀,2022.12.20.,처음 생겼을때부터 다녔는데 모든빵 다 맛있고 특히 케이크가 맛있어요. 딸기케이크 단면 미침♥️,NaN
213,Kakao,16,크렘마마,서울 은평구 서오릉로 134 1층 (대조동),서울 은평구,4.7,15.0,개과천선,2022.02.09.,정보없음,NaN
214,Kakao,16,크렘마마,서울 은평구 서오릉로 134 1층 (대조동),서울 은평구,4.7,15.0,eyhad,2021.04.13.,"제가 먹어본 케익중에 제일 맛없어요
크기는 작고 가격은 비싸고 한 입 먹고 버림..
차라리 스벅케익을 먹을껄.. 하 내돈",NaN
215,Kakao,16,크렘마마,서울 은평구 서오릉로 134 1층 (대조동),서울 은평구,4.7,15.0,mio,2021.03.09.,빵지순례,NaN
216,Kakao,16,크렘마마,서울 은평구 서오릉로 134 1층 (대조동),서울 은평구,4.7,15.0,모꼬,2021.03.07.,케이크가 맛있다길래 반신반의 하며 구매 했는데 정말 맛있네요~ 너무 달지도 않고 빵도 혀에 착 감기는게 대 만족 입니다.,NaN
217,Kakao,16,크렘마마,서울 은평구 서오릉로 134 1층 (대조동),서울 은평구,4.7,15.0,히우쿠,2020.04.24.,"존맛탱 ㄹㅇ 시식 가능한 것도 많아서 먹어보구 살수 있는데 맛이 더 좋아요 모양보다
아진짜 맛있어요 최고",NaN
218,Kakao,16,크렘마마,서울 은평구 서오릉로 134 1층 (대조동),서울 은평구,4.7,15.0,기욱이,2019.12.25.,맛난 케익과 서비스가 최고죠!!,NaN
219,Kakao,16,크렘마마,서울 은평구 서오릉로 134 1층 (대조동),서울 은평구,4.7,15.0,박수근,2019.03.20.,가끔 행사때문에 제작주문하곤 했는데 반응이 좋았습니다,NaN
220,Kakao,16,크렘마마,서울 은평구 서오릉로 134 1층 (대조동),서울 은평구,4.7,15.0,사자,2018.08.16.,"와....되게 맛있어요
아침 일찍 빵 나온지 얼마 안된시간에 갔는데
야채식빵 부드럽고 쫀득하고 고소하고 넘 맛있어요
저번에 샌드위치 먹을땐 이렇게 맛있는진 몰랐고 괜찮다고만 생각했는데
느무맛있네요",NaN
221,Kakao,16,크렘마마,서울 은평구 서오릉로 134 1층 (대조동),서울 은평구,4.7,15.0,"서린,서경맘~~~",2018.04.12.,우유식빵 먹었는데 입맛까탈스럽기로 우주최강인 우리큰딸 와~맛있다~~~어디거야?라고 물어보며 앉은자리에서 한통다먹고 학원갔네요~또 사오라고~ㅋㅋㅋ,NaN
222,Kakao,17,남다른케이크,서울 은평구 불광천길 558-3 1층 (응암동),서울 은평구,4.5,10.0,시안,2024.02.03.,전에 친구랑 갔었는데 맛있어서 카카오맵 영업시간 보고 갔더니 맵에는 토요일 영업이라고 써있고 매장 앞엔 토 일 쉰다고 써있고.. ㅎ.. 영업 시간 수정 좀 해주세요 인스타 매번 찾아봐야 하는 거 안하게 좀.. ㅠ,NaN
223,Kakao,17,남다른케이크,서울 은평구 불광천길 558-3 1층 (응암동),서울 은평구,4.5,10.0,joey,2023.06.30.,"선물용으로 마카롱 맛집을 찾다가 좀 전에 구매했는데요.  선물용 말고 제가 먹을 것도 한개 구매해서 먹었는데 더 살걸....-_-;;;

사장님 친절하시고 마카롱 맛있어요!!

보냉 포장은 얼음이 최대 2시간이래요~ :)",NaN
224,Kakao,17,남다른케이크,서울 은평구 불광천길 558-3 1층 (응암동),서울 은평구,4.5,10.0,소현,2022.08.31.,정보없음,NaN
225,Kakao,17,남다른케이크,서울 은평구 불광천길 558-3 1층 (응암동),서울 은평구,4.5,10.0,맛있는곳만후기올림,2022.07.28.,"진짜 제발 먹어주세요
인생 마카롱집임.... 근처에 살면 매일 왔을듯.. 이 가게 때문에 응암에 살고 싶어요
특히 저 소금카라멜은 미친 맛임 ㅠㅠ 진짜 제발 한 번만 먹어주면 안돼요...?
처음에 3개만 사서 지하철역까지 3분도 안걸리는 사이에 선 채로 순삭해서 다시 되돌아가서 추가구매 해오는.. 미친 마카롱 맛집입니다..",NaN
226,Kakao,17,남다른케이크,서울 은평구 불광천길 558-3 1층 (응암동),서울 은평구,4.5,10.0,KAM,2022.05.07.,정보없음,NaN
227,Kakao,17,남다른케이크,서울 은평구 불광천길 558-3 1층 (응암동),서울 은평구,4.5,10.0,우상욱,2021.03.21.,정말 맛있어요~~~^^,NaN
228,Kakao,17,남다른케이크,서울 은평구 불광천길 558-3 1층 (응암동),서울 은평구,4.5,10.0,다다다,2020.10.25.,"여러번 사서 먹었는데 매번 맛있어요
꼬끄는 부드럽고 필링이 맛을 정말 잘 표현해요
다른 마카롱집 보다 단맛이 좀 강한편이라 느껴지는데 단걸 워낙 좋아해서 딱 좋습니다ㅠ
사장님도 친절하셔서 여기서 자주 사먹게되네요",NaN
229,Kakao,17,남다른케이크,서울 은평구 불광천길 558-3 1층 (응암동),서울 은평구,4.5,10.0,ㅇㅇ,2020.10.17.,정보없음,NaN
230,Kakao,17,남다른케이크,서울 은평구 불광천길 558-3 1층 (응암동),서울 은평구,4.5,10.0,히우쿠,2020.01.02.,지나가면서 하나 사먹어봤는데 너무 달지 않으면서 조화가 딱 맞는게 정말 맛있었어요! 가격도 너무 비싸지도 않고 사장님도 무척 친절하세요!,NaN
231,Kakao,17,남다른케이크,서울 은평구 불광천길 558-3 1층 (응암동),서울 은평구,4.5,10.0,그린티,2019.08.26.,"여러분들, 여기는 진짜배기입니다....
가격, 맛, 친절 어느 것 하나 빠지는 데가 없어요.

쫀득한 꼬끄에 부담스럽지 않은 필링.
특히 꼬끄가! 쫀득하면서 질기지 않고, 부드러우면서도 퍼슬거리지 않기가 참 힘든데, 쫀득하면서도 부드러운 그 밸런스를 잘 맞추시는 것 같아요.

토속 한국인 입맛을 가진 저희 부모님도 인절미맛 완전 좋아하십니다.",NaN
238,Kakao,19,유일케이크,서울 은평구 통일로 745-9 1.5층 (대조동),서울 은평구,5.0,3.0,트위티,2024.03.04.,케이크 너무 귀여워용,NaN
239,Kakao,19,유일케이크,서울 은평구 통일로 745-9 1.5층 (대조동),서울 은평구,5.0,3.0,굳,2023.12.31.,정보없음,NaN
240,Kakao,19,유일케이크,서울 은평구 통일로 745-9 1.5층 (대조동),서울 은평구,5.0,3.0,묘조,2022.11.23.,케이크주문제작,NaN
241,Kakao,20,안가네대추빵은평점,서울 은평구 응암로 324 (응암동),서울 은평구,4.3,9.0,양반김,2023.08.11.,"우리동네 맛집! 우유랑 먹으면 최고입니다 
쓰면서 또 군침이… ㄷ ㄷ ㄷ 
앞에서 냄새 맡으면 기절각. 
그리고 사장님 너무 귀엽고 진철하세요 
여기 없어지면 안돼!!!!!!!
번청하세요",NaN
242,Kakao,20,안가네대추빵은평점,서울 은평구 응암로 324 (응암동),서울 은평구,4.3,9.0,양일모,2022.12.31.,단체 대랑 주문했는데 약속 시간 전에 빨리 와서 찾아가라고 수차례 재촉하는 연락이 옴.  이유는 어이없게도 빵 다 팔아서 영업시간 전에 문 닫고 들어간다고 함. 아줌마 말투도 이상하고 영업하는 마인드도 너무 이상 해서 검색해보니 중국 사람인 것 같음.  먹는 걸로  장난 칠 것 같은 기분이 들어 다시는 안 먹기로 함,NaN
243,Kakao,20,안가네대추빵은평점,서울 은평구 응암로 324 (응암동),서울 은평구,4.3,9.0,인화,2022.12.19.,대추빵을 지인께서 선물 주어서 먹었는데  맛이좋아서 다먹고 두박스 주문 했어요,NaN
244,Kakao,20,안가네대추빵은평점,서울 은평구 응암로 324 (응암동),서울 은평구,4.3,9.0,..,2022.05.31.,"맛있어요!
부산에서 오신 부모님께서 극찬했어요 :)",NaN
245,Kakao,20,안가네대추빵은평점,서울 은평구 응암로 324 (응암동),서울 은평구,4.3,9.0,맛있는게좋아,2022.02.26.,"부모님이 대추를 좋아하셔서 가끔 삽니다.
대추향이 은은하게 나고 어렸을 때 먹던 술빵 같아요",NaN
246,Kakao,20,안가네대추빵은평점,서울 은평구 응암로 324 (응암동),서울 은평구,4.3,9.0,옥수동주민,2022.02.18.,"와 기대 안하고 한개 사봤는데 너무 맛있어요
은은하게 달고 폭신하고 촉촉해서 즉석에서 따뜻할때 먹는게 젤 맛있을거 같음요",NaN
247,Kakao,20,안가네대추빵은평점,서울 은평구 응암로 324 (응암동),서울 은평구,4.3,9.0,고독한 탐식가,2021.12.11.,달달한 게 맛있네 ^^,NaN
248,Kakao,20,안가네대추빵은평점,서울 은평구 응암로 324 (응암동),서울 은평구,4.3,9.0,프랭키 더 용,2021.09.05.,"사장님도 친절하시고
엄청 맛있음",NaN
249,Kakao,20,안가네대추빵은평점,서울 은평구 응암로 324 (응암동),서울 은평구,4.3,9.0,최윤희,2020.08.15.,대추맛이 진하고 폭신폭신 맛있어요,NaN
250,Kakao,21,기분케이크,서울 은평구 진흥로7길 16 1층 (역촌동),서울 은평구,4.9,24.0,윙윙,2024.01.30.,정보없음,NaN
251,Kakao,21,기분케이크,서울 은평구 진흥로7길 16 1층 (역촌동),서울 은평구,4.9,24.0,HG,2023.11.09.,"상상이 현실이 되는 경험 해보셨습니까 저는 여기서 해봤습니다
여기 사장님은 개떡같은 시안을 보시고도 예술작품을 만드시는 분입니다 레터링케이크 여기서 사세요!! 맛은 덤입니다",NaN
252,Kakao,21,기분케이크,서울 은평구 진흥로7길 16 1층 (역촌동),서울 은평구,4.9,24.0,pyo,2023.06.16.,정보없음,NaN
253,Kakao,21,기분케이크,서울 은평구 진흥로7길 16 1층 (역촌동),서울 은평구,4.9,24.0,ㅋㅋㅋ,2023.01.14.,맛있어요 ㅎㅎ 횟집과 같이 계속 잘되길 바랍니다,NaN
254,Kakao,21,기분케이크,서울 은평구 진흥로7길 16 1층 (역촌동),서울 은평구,4.9,24.0,얼그레이하이볼,2022.11.03.,가성비 좋은 케익집이에요!,NaN
255,Kakao,21,기분케이크,서울 은평구 진흥로7길 16 1층 (역촌동),서울 은평구,4.9,24.0,김용현,2022.11.03.,안달고 맛있어요~,NaN
256,Kakao,21,기분케이크,서울 은평구 진흥로7길 16 1층 (역촌동),서울 은평구,4.9,24.0,5점좋아,2022.11.01.,"와.. 여기는 뭐라고 말하지.. 음..
앞으로 인생에서 
여기보다 나에게 
감동을 줄 케익집은 
없을듯함
맛 가격 디자인 친절도 모든것이 완벽",NaN
257,Kakao,21,기분케이크,서울 은평구 진흥로7길 16 1층 (역촌동),서울 은평구,4.9,24.0,환,2022.09.19.,후회 안하실거에요. 디자인도 찰떡같이 알아들으시고 정말 생각한 그대로 나와서 놀랬어요. 무엇보다 케이크의 근본인 맛이 너무 좋아요.,NaN
258,Kakao,21,기분케이크,서울 은평구 진흥로7길 16 1층 (역촌동),서울 은평구,4.9,24.0,sususu,2022.07.03.,"아이가 젠이츠를 좋아해서 주문했는데 너무 이쁘게 잘해주셔서 즐거운 생일이 되었습니다. 
케이크도 너무 맛있어요!! 종종 들러 다른케이크도 먹어보고싶어요~",NaN
259,Kakao,21,기분케이크,서울 은평구 진흥로7길 16 1층 (역촌동),서울 은평구,4.9,24.0,맛객,2022.06.09.,캐릭터케익 진짜 초고퀄로해주십니다ㅋㅋㅋㅋ앞으로 여기서만 사려구요,NaN
260,Kakao,21,기분케이크,서울 은평구 진흥로7길 16 1층 (역촌동),서울 은평구,4.9,24.0,ㅇㅅㅇㅌㅂ,2022.06.05.,이벤트일마다 주문하고 있음. 디자인 호불호는 있지만 그래도 여기가 제일 맛있음. 어줍잖은 프랜차이즈보단 훨씬 남.,NaN
261,Kakao,21,기분케이크,서울 은평구 진흥로7길 16 1층 (역촌동),서울 은평구,4.9,24.0,어쩌구,2022.05.25.,케이크 정말 맛있고 예뻐요!! 우유생크림이라서 많이 안달고 정말 맛있어요!!,NaN
262,Kakao,21,기분케이크,서울 은평구 진흥로7길 16 1층 (역촌동),서울 은평구,4.9,24.0,맛집다니는너구리,2022.02.05.,정말 친절하시고 가격도 착해서 자주 갈 것 같아요!,NaN
263,Kakao,21,기분케이크,서울 은평구 진흥로7길 16 1층 (역촌동),서울 은평구,4.9,24.0,박건,2021.12.30.,사장님 너무 친절하시고 케이크 디자인도 너무 만족합니다 감사합니다,NaN
264,Kakao,21,기분케이크,서울 은평구 진흥로7길 16 1층 (역촌동),서울 은평구,4.9,24.0,SJ,2021.10.01.,"넘넘 좋아요!!! 디자인도 이쁘고 가격도 착하고 맛도 많이 안 달고 맛있어요 ^^
블루베리 크기가 왕커서 놀랐네요ㅋㅋㅋ
포도랑 비슷한 크기라니... 엄지손톱보다 커요!! 이렇게 큰 거 첨 봤어요~
(겉뿐만 아니라 시트사이에도 포도 엄청 많이 들어있어요!!!)

두 번째 먹는데 담번에도 여기서 먹을 거예요~
사장님도 정말 친절하시고 넘 좋아요!!!
카톡 채널로 여러 디자인도 볼 수 있고 예약도 할 수 있어서 편하더라구요 (전 인스타를 안해서ㅎㅎ 이런 점도 넘 좋았어요)

크림도 우유생크림이라 안 느끼하고
남은 케이크에 바나나 조금 더 넣어서
냉장고에 하루 뒀다 먹으니 바나나 푸딩 같은 맛이에요... 짱짱!!!
레터링 케이크 찾는 분들 강추합니다~~~",NaN
265,Kakao,21,기분케이크,서울 은평구 진흥로7길 16 1층 (역촌동),서울 은평구,4.9,24.0,이졔,2021.09.27.,"다들 주문제작 케이크는 꼬옥 여기서 하세요...
사장님 실력 최고인데 가격까지 착해요...
나만 알고싶은 곳이지만 너무 좋은 곳이라 꼬옥 알리고 싶은 곳 ....",NaN
266,Kakao,21,기분케이크,서울 은평구 진흥로7길 16 1층 (역촌동),서울 은평구,4.9,24.0,ㅋ,2021.07.25.,"이제 곧 이사가는데 이매장하고 같이 가고싶네요..여기 너무 맛있어요 과일도 생고ㅏ일쓰고 ,, 여기먹고 다른곳에서 케이크 못먹습니다....
진짜 한번 꼭 드셔보세요 가격도 착합니다!!",NaN
267,Kakao,21,기분케이크,서울 은평구 진흥로7길 16 1층 (역촌동),서울 은평구,4.9,24.0,박지나,2021.06.24.,레터링 케이크 미니 주문했는데 너무 만족스럽습니다ㅠㅠ 레드벨벳 치즈케이크 진짜 맛있었어요. 크림이 느끼하지도 않고 배부른 상태에서 먹는데도 넘 맛있었습니다! 가격도 착했구요..! 예약주문도 친절하게 응대해주셨습니다.,NaN
268,Kakao,21,기분케이크,서울 은평구 진흥로7길 16 1층 (역촌동),서울 은평구,4.9,24.0,미부,2021.05.05.,갈 때마다 계획보다 많이 사게되요 ㅎㅎ 체리초코케이크 너무 맛있고! 당근이나 레드벨벳도 치즈가득! 이라 절말 애정하게 됩니다~,NaN
269,Kakao,21,기분케이크,서울 은평구 진흥로7길 16 1층 (역촌동),서울 은평구,4.9,24.0,해파리,2021.04.25.,빵크림과일 다 맛있음 갓성비 맨날먹고싶어요 사장님 홍은동으로이사오세요ㅠㅠ,NaN
270,Kakao,21,기분케이크,서울 은평구 진흥로7길 16 1층 (역촌동),서울 은평구,4.9,24.0,쏘오,2020.11.05.,남편 생일선물로 케이크 주문했어요. 너무 달지 않고 부드럽고 맛있어요. 가성비 짱짱! 그리고 사장님이 너무 명랑하고 밝고 친절하셔서 매장 방문했을 때 기분이 좋았어요! 흥하셔요!!,NaN
271,Kakao,21,기분케이크,서울 은평구 진흥로7길 16 1층 (역촌동),서울 은평구,4.9,24.0,넙띠기,2020.09.27.,"모양도 맛도 아주 좋아 케이크 고르면서 먹을 때까지 기분이 좋은데, 사장님이 또 굉장히 친절하십니다.",NaN
272,Kakao,21,기분케이크,서울 은평구 진흥로7길 16 1층 (역촌동),서울 은평구,4.9,24.0,Sandie,2020.08.29.,정보없음,NaN
273,Kakao,21,기분케이크,서울 은평구 진흥로7길 16 1층 (역촌동),서울 은평구,4.9,24.0,윤주,2019.09.27.,케이크도 아기자기 너무 예쁘고 카페 분위기도 너무 좋아요ㅠㅠ 짱짱!!,NaN
274,Kakao,23,부트브레드,서울 은평구 은평로8길 46 1층 (응암동),서울 은평구,5.0,8.0,조용준,2024.02.29.,"맛있어요
가성비도 좋아요",NaN
275,Kakao,23,부트브레드,서울 은평구 은평로8길 46 1층 (응암동),서울 은평구,5.0,8.0,응저씨,2024.01.01.,갓 나온 치즈식빵 최고예요 빵이 뭐 이렇게 보들보들하담🙊,NaN
276,Kakao,23,부트브레드,서울 은평구 은평로8길 46 1층 (응암동),서울 은평구,5.0,8.0,🎅,2023.12.19.,정보없음,NaN
277,Kakao,23,부트브레드,서울 은평구 은평로8길 46 1층 (응암동),서울 은평구,5.0,8.0,불란서부루독꾸,2023.12.10.,왈왈~~~ 으르릉~~~ 왈왈,NaN
278,Kakao,23,부트브레드,서울 은평구 은평로8길 46 1층 (응암동),서울 은평구,5.0,8.0,움뫄짭짭,2023.04.08.,평점이 좋아서 들려봤는데 엄청 친절하시고 부지런하시고.. 좋네요! 오픈 시간이 이르길래 놀랐는데 가게 앞에 빵 나오는 시간이 빽빽하게 적혀 있어서 또 한 번 놀랐어요. 가격도 저렴하고 소금빵 겉바속촉이에요. 텀블러 할인 받아서 커피도 잘 마셨습니다!,NaN
279,Kakao,23,부트브레드,서울 은평구 은평로8길 46 1층 (응암동),서울 은평구,5.0,8.0,ㄱㅅㅎ,2022.07.28.,"여기 소금빵이랑 다른 빵도 맛있는데 스콘이 진짜 맛있어요
글루텐프리/비건 식빵들도 맛있음..!",NaN
280,Kakao,23,부트브레드,서울 은평구 은평로8길 46 1층 (응암동),서울 은평구,5.0,8.0,옥수동주민,2022.03.24.,텀블러 지참시 300원 할인 정책 너무 좋아요 커피 맛있고 진해요,NaN
281,Kakao,23,부트브레드,서울 은평구 은평로8길 46 1층 (응암동),서울 은평구,5.0,8.0,프랭키 더 용,2022.01.20.,"여기 빵 엄청 맛있음
대파빵이랑 식빵 존맛탱",NaN
282,Kakao,24,외계인방앗간구파발점,서울 은평구 진관2로 19 휴먼프라자 104호 (진관동),서울 은평구,4.6,16.0,jinhee,2024.03.14.,정보없음,NaN
283,Kakao,24,외계인방앗간구파발점,서울 은평구 진관2로 19 휴먼프라자 104호 (진관동),서울 은평구,4.6,16.0,CHLOE,2024.02.24.,"쌀가루를 써서좋아요
모닝빵사봤는데 넘 쫄깃해요",NaN
284,Kakao,24,외계인방앗간구파발점,서울 은평구 진관2로 19 휴먼프라자 104호 (진관동),서울 은평구,4.6,16.0,이이,2022.12.04.,옛날엔 참 맛있었는데 이젠 조금 아쉽네요,NaN
285,Kakao,24,외계인방앗간구파발점,서울 은평구 진관2로 19 휴먼프라자 104호 (진관동),서울 은평구,4.6,16.0,주원,2022.08.17.,정보없음,NaN
286,Kakao,24,외계인방앗간구파발점,서울 은평구 진관2로 19 휴먼프라자 104호 (진관동),서울 은평구,4.6,16.0,송파 고현정,2022.07.09.,특출나진 않아도 슴슴한 외모와 편안한 성품을 지닌 남자 같은 빵집이에요. 보통 이런 타입이 정 떼기 힘들죠.,NaN
287,Kakao,24,외계인방앗간구파발점,서울 은평구 진관2로 19 휴먼프라자 104호 (진관동),서울 은평구,4.6,16.0,ㅇ,2022.05.27.,"머핀, 쿠키(냉장고에 있는 제과제품들)는 맛있어요. 샌드위치도 맛있었어요. 빵은 그냥 그랬습니다. 가격대가 저렴한편이 아니었는데도요. 인절미 쑥빵은 콩고물이 너무 달고 빵이 건조해서 별로였습니다.",NaN
288,Kakao,24,외계인방앗간구파발점,서울 은평구 진관2로 19 휴먼프라자 104호 (진관동),서울 은평구,4.6,16.0,오늘은 뭐 먹지..?,2022.05.07.,"여기 두세번 먹어보고 후기 남깁니다. 우선 당일 빵은 오전 11시~11시 30분 사이에 나오기 때문에 당일 빵 원하시면 여유있게 11시 30분 넘어서 가시는걸 추천드려요! 전날 빵은 30% 할인해줍니다! 빵 종류도 많고 맛있어요!! 쌀로 만들어서 그런지 밀가루 빵보다는 먹었을 때 속이 좀 더 편하고 왠지 건강한 느낌이 들어요! 다만 빵이 금방 딱딱해집니다..ㅠㅠ 전날 빵 사서 먹어보고 조금 딱딱한 느낌이 들어 당일 빵도 사서 먹어봤는데 바로 먹지 않는 이상 좀 딱딱해져요..! 그래서 소화가 잘 안되더라구요..
전자레인지에 약간 데워 드시거나 당일 빵 구매하셔서 빠른 시간안에 다 드시는걸 추천드립니다!",NaN
289,Kakao,24,외계인방앗간구파발점,서울 은평구 진관2로 19 휴먼프라자 104호 (진관동),서울 은평구,4.6,16.0,Le,2022.04.17.,여기 쑥빵 진짜 맛있어요,NaN
290,Kakao,24,외계인방앗간구파발점,서울 은평구 진관2로 19 휴먼프라자 104호 (진관동),서울 은평구,4.6,16.0,1231,2021.07.24.,아래 후기보고 열시에 갔더니 열시 좀 넘어서 오픈하시네여. 열시에 살 수 있는 빵들은 전날 빵이고 할인 팍팍해주심,NaN
291,Kakao,24,외계인방앗간구파발점,서울 은평구 진관2로 19 휴먼프라자 104호 (진관동),서울 은평구,4.6,16.0,재몬,2021.04.27.,"빵이 너무 맛있어요
밀가루로 안만들어도 이렇게 맛있을 수 있다니",NaN
292,Kakao,24,외계인방앗간구파발점,서울 은평구 진관2로 19 휴먼프라자 104호 (진관동),서울 은평구,4.6,16.0,원,2020.12.23.,빵 종류 다양하고 맛있습니다. 사장님도 굉장히 친절하세요!,NaN
293,Kakao,24,외계인방앗간구파발점,서울 은평구 진관2로 19 휴먼프라자 104호 (진관동),서울 은평구,4.6,16.0,예찬 Чой Дани...,2020.08.03.,빵이 맛있어요,NaN
294,Kakao,24,외계인방앗간구파발점,서울 은평구 진관2로 19 휴먼프라자 104호 (진관동),서울 은평구,4.6,16.0,ㅇ,2020.05.09.,"다니던 집이 없어져서 이제 여기로 가려고 전화문의만 해봤는데요, 20대쯤으로 들리는 여성분 답변 정말 깔끔 정확하게 해주셔서 5월 중에 꼭 가려구요. 여긴 개점 11시라고 써져있는데 수정을 못하고 계신다고, 사실은 10시에 문 열고 당일빵은 11시반 정도면 전부 나온다고 합니다. 제로페이 된대요.",NaN
295,Kakao,24,외계인방앗간구파발점,서울 은평구 진관2로 19 휴먼프라자 104호 (진관동),서울 은평구,4.6,16.0,단추,2019.12.11.,쌀빵인 점도 좋은데 일반 빵집처럼 종류가 다양하고 맛있어요:) 약간 하드하거나 담백한 식사빵 종류도 더 있었으면 합니다.,NaN
296,Kakao,24,외계인방앗간구파발점,서울 은평구 진관2로 19 휴먼프라자 104호 (진관동),서울 은평구,4.6,16.0,firby,2019.11.20.,우유 달걀 쓰지 않는 비건빵 구입 가능해서 좋아요~!,NaN
297,Kakao,24,외계인방앗간구파발점,서울 은평구 진관2로 19 휴먼프라자 104호 (진관동),서울 은평구,4.6,16.0,tkhsjr,2018.08.26.,정보없음,NaN
298,Kakao,25,슬랩파이,서울 은평구 가좌로10길 11-9 1층 (응암동),서울 은평구,4.9,11.0,haco,2024.03.17.,이 동네에 디저트맛집이 거의 없었는데 이런데가있다니ㅎ 좋네요~^^,NaN
299,Kakao,25,슬랩파이,서울 은평구 가좌로10길 11-9 1층 (응암동),서울 은평구,4.9,11.0,돼지런,2023.12.31.,디저트 핵맛집,NaN
300,Kakao,25,슬랩파이,서울 은평구 가좌로10길 11-9 1층 (응암동),서울 은평구,4.9,11.0,뀨뀨리,2023.12.24.,홀케이크 예약주문 구매했는데 아낌없이 넣은 재료에 놀랐어요. 사진이 없고 생일축하 동영상만 남긴 게 아쉬울정도에요ㅠ,NaN
301,Kakao,25,슬랩파이,서울 은평구 가좌로10길 11-9 1층 (응암동),서울 은평구,4.9,11.0,불란서부루독꾸,2023.12.10.,"왈왈 멍멍~~~
멍멍~~~  키잉 끼잉
왈왈왈~~~~~",NaN
302,Kakao,25,슬랩파이,서울 은평구 가좌로10길 11-9 1층 (응암동),서울 은평구,4.9,11.0,jin,2023.10.03.,일단 뭐든 있으면 드세요...새로 나올 때마다 가깝진 않지만 일부러 와서 사먹는데 단한번도 실패한 적 없음. 오늘은 코코밤 먹으러 왔다가 포장도 챙겨서 갑니다.너무 맛있어...........가게도 디저트도 사장님도 아기자기 러블리 그 자체❤️,NaN
303,Kakao,25,슬랩파이,서울 은평구 가좌로10길 11-9 1층 (응암동),서울 은평구,4.9,11.0,sell,2023.08.27.,일단 케익 부터 입에 넣어요....침흐르니깐 입 꼭 닫고 먹기ㅎ,NaN
304,Kakao,25,슬랩파이,서울 은평구 가좌로10길 11-9 1층 (응암동),서울 은평구,4.9,11.0,D.k,2023.07.02.,"사장님 겁나 친절하시구요.
파이랑 디저트 너무 맛있습니다.
안드셔보신분은 있어도 
한번 드셔 보신분은 없을겁니다.
제발 오래 오래 은평구에 남아 주세요.",NaN
305,Kakao,25,슬랩파이,서울 은평구 가좌로10길 11-9 1층 (응암동),서울 은평구,4.9,11.0,언제나 그 자리에,2023.05.03.,정보없음,NaN
306,Kakao,25,슬랩파이,서울 은평구 가좌로10길 11-9 1층 (응암동),서울 은평구,4.9,11.0,편-안,2023.03.19.,"블루베리 타르트 존맛
푸딩이 존맛이래서 포장해갑니다
커피도 맛잇음 산미있음
분위기 기여움❤️",NaN
307,Kakao,25,슬랩파이,서울 은평구 가좌로10길 11-9 1층 (응암동),서울 은평구,4.9,11.0,진,2023.01.15.,정보없음,NaN
308,Kakao,25,슬랩파이,서울 은평구 가좌로10길 11-9 1층 (응암동),서울 은평구,4.9,11.0,콩씨,2022.12.05.,베이커리 맛집 ❤️,NaN
309,Kakao,26,블랑제리우트,서울 은평구 응암로 293 1층 101호 (응암동),서울 은평구,4.8,23.0,SoyB,2024.03.21.,"시그니처는 바질크런치이지만
개인적으로는 과일호밀빵을 가장 좋아합니다.
건과일이 들어있는 바게트나 깜빠뉴 종류의 빵을 좋아하시면 강추합니다. 비슷한 빵 많이 먹어봤지만 여기가 제일 맛있었어요.
멀어서 자주 못 가는 게 아쉬운 집. ㅠ",NaN
310,Kakao,26,블랑제리우트,서울 은평구 응암로 293 1층 101호 (응암동),서울 은평구,4.8,23.0,꼬로록,2024.03.05.,"배민리뷰를 까먹어서 여따 써요
빵이 다 졸 크규 맛있어여!!
바질크런치 짱맛있구
소세지빵도 맛있구
과일 호밀빵? 이랑 딸기잼 블루베리잼 다 맛있어여
커피도 맛있음!!!",NaN
311,Kakao,26,블랑제리우트,서울 은평구 응암로 293 1층 101호 (응암동),서울 은평구,4.8,23.0,BINYOO,2024.02.28.,"동네 최애 빵집입니다...
은평구 빵집으로 무조건 추천할 곳🩵
일단 빵 크기 무슨 일이죠?ㅋㅋㅋ
왕 크니까 왕 맛있고요 이 가격이면 진짜 가성비 심각하게 좋은 것 같아요
바질 크런치도 맛있고, 토마토 치즈 치아바타 대박적!!!
치아바타가 이렇게 맛있는 빵이었군뇨..
일단 여기 빵 한 개씩 다 돌겠습니당",NaN
312,Kakao,26,블랑제리우트,서울 은평구 응암로 293 1층 101호 (응암동),서울 은평구,4.8,23.0,Clala,2024.02.25.,바질크런치랑 치아바타 샀는데 맛있어요!!! >.<,NaN
313,Kakao,26,블랑제리우트,서울 은평구 응암로 293 1층 101호 (응암동),서울 은평구,4.8,23.0,됴,2024.01.10.,진짜 맛있어요. 배달도 몇번이나 시켜먹었어요. 연유버터프레첼 강추,NaN
314,Kakao,26,블랑제리우트,서울 은평구 응암로 293 1층 101호 (응암동),서울 은평구,4.8,23.0,규원,2023.12.16.,정보없음,NaN
315,Kakao,26,블랑제리우트,서울 은평구 응암로 293 1층 101호 (응암동),서울 은평구,4.8,23.0,니은,2023.09.08.,"밑에 후기는 갠취에
안맞나봐요? 탕종식빵은 진짜 안먹어본사람 없어야해요!!
진짜 존존존존맛탱",NaN
316,Kakao,26,블랑제리우트,서울 은평구 응암로 293 1층 101호 (응암동),서울 은평구,4.8,23.0,.,2023.09.04.,"후기가 좋아 기대하고 찾아감..
그렇게 찔긴 크로아상은 처음
이제부터 후기는 안믿는걸로..

★5는 혹시 지인?",NaN
317,Kakao,26,블랑제리우트,서울 은평구 응암로 293 1층 101호 (응암동),서울 은평구,4.8,23.0,지현어린이,2023.08.08.,"응암동의 자랑거리로 충분한 빵집이에요ㅠㅠ...
그냥 뭐 하나 고를 필요도 없이 다~~~~~~~~~ 
맛있습니다.
맛있는 버터 사용하고, 냉동 생지 사용 안 하는 빵집 있다는게 행복이에요 정말

바질크런치가 시그니쳐 메뉴라서 이 빵을 입문으로 이것저것 다 드셔보기길 추천할게요!!",NaN
318,Kakao,26,블랑제리우트,서울 은평구 응암로 293 1층 101호 (응암동),서울 은평구,4.8,23.0,yum,2023.08.01.,정보없음,NaN
319,Kakao,26,블랑제리우트,서울 은평구 응암로 293 1층 101호 (응암동),서울 은평구,4.8,23.0,김해숙,2023.06.19.,"바질크런치 너무 맛있고 가격도 착해요.
많이 파세요~",NaN
320,Kakao,26,블랑제리우트,서울 은평구 응암로 293 1층 101호 (응암동),서울 은평구,4.8,23.0,눈의띠네,2023.06.08.,바질크런치 좋아해서 여기저기서 많이 먹어봤지만 여기가 최고 맛있음,NaN
321,Kakao,26,블랑제리우트,서울 은평구 응암로 293 1층 101호 (응암동),서울 은평구,4.8,23.0,Jeannie,2023.02.23.,"근처 병원 다녀오면서, 간식거리 찾는데 딱 눈에 띈 빵집.

부드러운 걸 좋아해서, 무화과 파운드케이크 2개 집어왔는데, 정말, 입에서 녹네요.
이런 녹진녹진 부드러운 파운드케이크 몇년 만에 먹어봅니다. 
나폴레옹 얼그레이 파운드는 가격만 비싼, 맛없는 케이크였네요!
부드러우면, 파스스… 조각이 많이 생기거나 그러는데, 여긴, 정말 파운드 비율을 잘 뽑았고, 구운 뒤 후숙도 잘 시키나 보네요. 
다음에도 이러면, 친구들에게 선물해 보렵니다. 

파운드 하프나, 통으로 팔아주세요!",NaN
322,Kakao,26,블랑제리우트,서울 은평구 응암로 293 1층 101호 (응암동),서울 은평구,4.8,23.0,이은정,2023.02.08.,빵은 뭐 원래 맛있지만 완전친철 커피도 추천  맛있습니다.,NaN
323,Kakao,26,블랑제리우트,서울 은평구 응암로 293 1층 101호 (응암동),서울 은평구,4.8,23.0,이나,2023.01.07.,진짜 맛있어요 바질 크런치 꼭 드세요,NaN
324,Kakao,26,블랑제리우트,서울 은평구 응암로 293 1층 101호 (응암동),서울 은평구,4.8,23.0,LDH,2022.11.09.,바질크런치 꼭 드세요~,NaN
325,Kakao,26,블랑제리우트,서울 은평구 응암로 293 1층 101호 (응암동),서울 은평구,4.8,23.0,와압,2022.10.23.,바질 크런치랑 소게지 페스츄리 너무 맛있어요 !!!!!!~!~!~!~!!!!,NaN
326,Kakao,26,블랑제리우트,서울 은평구 응암로 293 1층 101호 (응암동),서울 은평구,4.8,23.0,뮤뮤,2022.09.21.,"크로아상 부담스럽지 않은 풍미에 촉촉 맛있음
올리브치즈치아바타 존맛
까눌레 존맛

다른 것도 먹어보고 싶다",NaN
327,Kakao,26,블랑제리우트,서울 은평구 응암로 293 1층 101호 (응암동),서울 은평구,4.8,23.0,‪모아니면도,2022.08.06.,여러개 사봤는데 그중에 바질크런치가 정말 맛있어요! 자극적이거나 향이 강한거 싫어하는 사람은 호불호있을수있겠는데 이건 완전 제취향 ㅎㅎ,NaN
328,Kakao,26,블랑제리우트,서울 은평구 응암로 293 1층 101호 (응암동),서울 은평구,4.8,23.0,asdfghetob,2022.07.31.,"빵 정말 맛있어요! 동네에도 맛있는 빵집이 생겨서 너무 좋은데 수량을 적게 만드셔서 그런지 빵이 너무 빨리소진되고 소진시 매장마감이라 확인하고 가야하는점이 좀 불편하고, 매장에 테이블이 없어서 포장만 가능해 아쉽네요~ 

포장말고 매장에서 갓나온 빵 다양한 음료와 함께 즐기면 더 맛있을거같아요!!",NaN
329,Kakao,26,블랑제리우트,서울 은평구 응암로 293 1층 101호 (응암동),서울 은평구,4.8,23.0,Lucy (Jihye...,2022.07.21.,정보없음,NaN
330,Kakao,26,블랑제리우트,서울 은평구 응암로 293 1층 101호 (응암동),서울 은평구,4.8,23.0,박소연,2022.07.02.,맛싯성,NaN
331,Kakao,26,블랑제리우트,서울 은평구 응암로 293 1층 101호 (응암동),서울 은평구,4.8,23.0,gusqo.,2022.05.15.,만드시는 모든 빵이 수준급입니다. 개인적으로는 크라상과 치아바타를 가장 좋아합니다. 동네 이런 빵집이 있는 건 행운인거 같아요.,NaN
332,Kakao,28,시월구일베이커리,서울 은평구 은평로16길 22 신일빌딩 1층 (응암동),서울 은평구,4.6,18.0,전상미,2024.04.03.,2호 케이크 샀는데 들고 가기 무거울 정도로 딸기가 많이 들어있었어요 가족들이 '딸기케이크'가 아니라 '케이크 묻은 딸기'라고 하실 만큼요ㅋㅋ 생크림도 되게 가벼워서 순식간에 다 먹게 되더라고요,NaN
333,Kakao,28,시월구일베이커리,서울 은평구 은평로16길 22 신일빌딩 1층 (응암동),서울 은평구,4.6,18.0,올때빙그레바나나,2024.02.24.,자타공인 우리동네 최고 빵 맛집!,NaN
334,Kakao,28,시월구일베이커리,서울 은평구 은평로16길 22 신일빌딩 1층 (응암동),서울 은평구,4.6,18.0,.,2023.09.28.,"소세지먹물빵 살짝매콤해서 질리지않고맛있어요소금빵은 이근방에서 젤맛있었는데,,맛이 변했네요 별로예요. 마늘빵맛있어요 소스가 낭낭해서 그런지 살짝 달긴해요/단팥빵은보통 밤빵은 빵부분은맛있늠데 속에 밤이 좀 제스탈이 아니라.",NaN
335,Kakao,28,시월구일베이커리,서울 은평구 은평로16길 22 신일빌딩 1층 (응암동),서울 은평구,4.6,18.0,rala,2023.07.04.,너무조아하는곳이에요 앙버터소금빵이랑 에배토 넘마싯음,NaN
336,Kakao,28,시월구일베이커리,서울 은평구 은평로16길 22 신일빌딩 1층 (응암동),서울 은평구,4.6,18.0,jjj,2023.06.17.,정보없음,NaN
337,Kakao,28,시월구일베이커리,서울 은평구 은평로16길 22 신일빌딩 1층 (응암동),서울 은평구,4.6,18.0,박현욱,2023.06.05.,"케이크 가격이 조금 있긴 한데 완전 맛있어요. 생크림이 포근포근허고 사르르 녹아요. 
1호만 판다고 합니다. 
에그타르트도 맛있고 르뱅 쿠키도 너무 맛있음ㅎㅎㅎ
다만 혼자 일하시느라 약간 힘드신 거 같아요..",NaN
338,Kakao,28,시월구일베이커리,서울 은평구 은평로16길 22 신일빌딩 1층 (응암동),서울 은평구,4.6,18.0,물,2023.04.17.,그냥 빵 집,NaN
339,Kakao,28,시월구일베이커리,서울 은평구 은평로16길 22 신일빌딩 1층 (응암동),서울 은평구,4.6,18.0,끼얏호우,2023.03.25.,"소금빵 맛있어요
휘낭시에는 평이했음",NaN
340,Kakao,28,시월구일베이커리,서울 은평구 은평로16길 22 신일빌딩 1층 (응암동),서울 은평구,4.6,18.0,은진,2023.03.04.,정보없음,NaN
341,Kakao,28,시월구일베이커리,서울 은평구 은평로16길 22 신일빌딩 1층 (응암동),서울 은평구,4.6,18.0,lili,2022.10.10.,"빵 정말 맛있어요..
처음 먹어보고 반해서 또 갔어요🤍 
친절하셔서 더 좋은 시월구일..🤍",NaN
342,Kakao,28,시월구일베이커리,서울 은평구 은평로16길 22 신일빌딩 1층 (응암동),서울 은평구,4.6,18.0,sep,2022.06.25.,AMAZING BAKERY! 요기 빵 엄청 맛있고 분위기 아기자기 하고 직원들과 사장님 엄청 친절 하세요. 추천 합니다!!,NaN
343,Kakao,28,시월구일베이커리,서울 은평구 은평로16길 22 신일빌딩 1층 (응암동),서울 은평구,4.6,18.0,홍진표,2022.06.25.,"제가 다녀간 맛있는 빵집중에 넘버 3이내 들 정도로 고소하고 풍미가 있고 쫄깃합니다.
꼭 드셔보시길 권합니다.",NaN
344,Kakao,28,시월구일베이커리,서울 은평구 은평로16길 22 신일빌딩 1층 (응암동),서울 은평구,4.6,18.0,좋아하는데만별점주는사...,2022.04.28.,사장님이 너무너무 친절하셔서 감동받았어요 ㅠㅠ 빵이랑 케이크 퀄리티도 진짜 훌륭하고 정성이 듬뿍 들어간게 느껴지는 맛이에요 단골 약속합니다 충성충성 ㅜㅜ,NaN
345,Kakao,28,시월구일베이커리,서울 은평구 은평로16길 22 신일빌딩 1층 (응암동),서울 은평구,4.6,18.0,모 아니면 도,2022.02.28.,정보없음,NaN
346,Kakao,28,시월구일베이커리,서울 은평구 은평로16길 22 신일빌딩 1층 (응암동),서울 은평구,4.6,18.0,peachh,2022.02.17.,"팥류빵들이 다 넘넘 맛나요, 자주 갑니당 :)",NaN
347,Kakao,28,시월구일베이커리,서울 은평구 은평로16길 22 신일빌딩 1층 (응암동),서울 은평구,4.6,18.0,io,2022.01.04.,맛있어요!!!,NaN
348,Kakao,28,시월구일베이커리,서울 은평구 은평로16길 22 신일빌딩 1층 (응암동),서울 은평구,4.6,18.0,dokba,2021.11.26.,빵 진짜 맛있어요..! 라떼도 맛있어서 자주 갈거 같아요,NaN
349,Kakao,28,시월구일베이커리,서울 은평구 은평로16길 22 신일빌딩 1층 (응암동),서울 은평구,4.6,18.0,魔女空🔮,2021.10.09.,"밤식빵 4천원, 미니식빵 크기(어른 손바닥 길이)인데 빵속에 밤이 가득해서 묵직해요. 위에 붙은 소보로가 적당하게 달고 바삭해서 맛있어요. 빵 식감은 쫄깃하고 무엇보다 빵보다 밤 부피가 더 커서 만족해요. 단 한번 가본 소감이라 별 네 개만 드렸습니다. 번창하세요~ 저는 젊은 사장님들의 개인 브랜드 창업를 응원합니다❣️",NaN
350,Kakao,29,폼드팡베이커리불광점,서울 은평구 불광로 16-3 1층 (대조동),서울 은평구,3.0,11.0,:),2024.03.18.,"알바생 손이 왜이렇게 느려요
빵 4개 계산,포장하는데 5분좀 넘게 걸렸어요",NaN
351,Kakao,29,폼드팡베이커리불광점,서울 은평구 불광로 16-3 1층 (대조동),서울 은평구,3.0,11.0,김남철,2023.10.29.,"빵이 처음과 완전 달라지고 있네요.
6종류나 사왔는데 모두 뻣뻣한 느깜~
처음으로 환불하고 싶은 빵ㅜㅠ",NaN
352,Kakao,29,폼드팡베이커리불광점,서울 은평구 불광로 16-3 1층 (대조동),서울 은평구,3.0,11.0,망원주민,2023.08.19.,조각케이크가 다 말라비틀어져서 벽돌이 되어 먹을수가 없어용 전화로 문의드렸더니 본인들은 오래두고 안판다 그럴리가 없다고하시고.. 이걸 그럼 먹어도되는거 맞냐고 여쭤보니 그제서야 케이크를 가지고오면 환불해주시겠다고하더라구요 일부러 찾아가서 돌려드리고 환불받았네요 매장에서 케이크 만져보시더니 바로 환불해주시겠다고 ㅋㅋㅋ 케이크에 무슨 문제가 있던건지 뭐 실수였던건지 어떠한 설명도 없고 사과도 없으셔서 기분이 매우 상했습니다,NaN
353,Kakao,29,폼드팡베이커리불광점,서울 은평구 불광로 16-3 1층 (대조동),서울 은평구,3.0,11.0,Ben,2023.06.25.,맛 친절 가성비 셋다 못갖췄음,NaN
354,Kakao,29,폼드팡베이커리불광점,서울 은평구 불광로 16-3 1층 (대조동),서울 은평구,3.0,11.0,Real BAEK,2023.03.25.,맛있다 형 빵 또 먹는다!,NaN
355,Kakao,29,폼드팡베이커리불광점,서울 은평구 불광로 16-3 1층 (대조동),서울 은평구,3.0,11.0,먹방왕 2MB 가카,2023.01.15.,크기가 크고 가격이 좀 있는 편이다. 동네빵집인 줄 알고 들어갔더니 약간 프리미엄이 가미되어 있었음. 빵 구성은 그만큼 트렌디함. 추운 날에 갔더니 집에 오다가 다 차가워져서 평가 불가. ㅠㅠ,NaN
356,Kakao,29,폼드팡베이커리불광점,서울 은평구 불광로 16-3 1층 (대조동),서울 은평구,3.0,11.0,찬경,2022.08.07.,밤식빵 맛집,NaN
357,Kakao,29,폼드팡베이커리불광점,서울 은평구 불광로 16-3 1층 (대조동),서울 은평구,3.0,11.0,냄,2022.08.06.,정보없음,NaN
358,Kakao,29,폼드팡베이커리불광점,서울 은평구 불광로 16-3 1층 (대조동),서울 은평구,3.0,11.0,i,2021.10.19.,정보없음,NaN
359,Kakao,29,폼드팡베이커리불광점,서울 은평구 불광로 16-3 1층 (대조동),서울 은평구,3.0,11.0,April,2020.12.20.,The whole wheat (?) loaf with figs was very good,NaN
360,Kakao,29,폼드팡베이커리불광점,서울 은평구 불광로 16-3 1층 (대조동),서울 은평구,3.0,11.0,이종찬,2020.12.17.,정보없음,NaN
414,Kakao,35,와플대학역촌캠퍼스,서울 은평구 갈현로 85 (역촌동),서울 은평구,3.3,3.0,먹보냥!,2021.11.08.,만드는 과정 훤히 보이는데도 사장님으로 보이는 남자분 맨손으로 와플 만지작거리면서 그 손으로 쨈통이니 뭐니 다 꺼내서 발라댐ㅡㅡ아..저걸 먹어야하나..짜증..;; 그래도 시켰으니 먹어보자 한입 물었는데 질질 흘러서 먹기 드럽게 불편. 아이스크림도 단데 쨈에 크림에 당폭탄. 진저리나게 달기만 해서 다른 맛은 안느껴짐. 그냥 일반 생크림와플이 절실했다! 왜 줄서있는지 이해불가. 도저히 못먹겠어서 빈 쓰레기봉투 보이는대로 쑤셔넣음. 다신 안 먹겠다! 겉으로만 그럴싸함.,NaN
415,Kakao,35,와플대학역촌캠퍼스,서울 은평구 갈현로 85 (역촌동),서울 은평구,3.3,3.0,하,2021.07.11.,"와플 너무 맛있는데,, 너무 눅눅해요..ㅠㅠ 잘식혀서 주셨으면,,",NaN
416,Kakao,35,와플대학역촌캠퍼스,서울 은평구 갈현로 85 (역촌동),서울 은평구,3.3,3.0,지혜,2021.05.21.,와플 맛있어요 ! 자주 가고싶어오,NaN
421,Kakao,37,팬토리케이크,서울 은평구 연서로18길 6 1층 (대조동),서울 은평구,4.0,6.0,전상미,2024.04.03.,할아버지 생신 케이크 주문했는데 예쁘게 해주셨어요 가족들도 다 맛있게 드셔서 뿌듯했습니다 전 원래 크림 잘 못 먹는데 크림도 맛있더라고요,NaN
422,Kakao,37,팬토리케이크,서울 은평구 연서로18길 6 1층 (대조동),서울 은평구,4.0,6.0,soo,2024.01.29.,"쿠로미 레터링케이크 작업한것 중 그대로 주문하려고 했습니다. 인스타 가입하려다 문제가 생겨서  잘 안되서 샘플 사진 몇장 보내달라고 부탁했는데  제대로된 설명도 없이 자기네는 샘플 사진은 인스타로만 운영한다고  하네요~ 왜 그런거냐고  하니까 원래 운영방침 이라고 하네요~ 보내주기 귀찮아서 그런건지 아니면 특별한 이유가 있는거냐고 물어보니까 
고객님 정말 당황스럽네요 이렇게 말하네요 
고객인 제가 더 당황스럽다 제가 일부러 그러는 것도 아니고 인스타가 안되서 샘플사진 몇장 보내달라고 얘기하는 건데 그게 그렇게 잘못된거냐고 물어보니
그제서야 1인샵이라 아주 바쁘셔서 그게 힘들다그러면서 가게 오픈한 후로 나같은 고객은 처음이라고 그러네요 ~ 여기까지만 답변하겠다고 ㅎㅎ 진짜  불친절하시네요~ 제가 조목조목 따져서 얘기하니 카톡 차단하셨네요? 
원래 운영방침을 논하기 이전에 왜 그런지에 자세한 답변을 하거나 고객한테 먼저 양해를 구하고 죄송하다는 말부터 해야하는 겁니다 ~
가게 사장님!! 1인샵이라 바빠서 샘플사진 하나하나 찾기가 힘들어 사진을 보내드리기 어렵다는 말이 그렇게 힘든가요? 제가 인스타 못해서 죄송하다고 해야하나요?? 카톡까지 첨부하려다 참습니다.  여기 이러고 다른 1인샵 가게 문의드리니 사진 잘만 찾아서 보내주시더라구요!! 적어도 장사하시려면 고객과 소통하려는 기본 마인드부터 챙기시길 바랍니다. 
더도 덜도 없이 사실만적었습니다!!",NaN
423,Kakao,37,팬토리케이크,서울 은평구 연서로18길 6 1층 (대조동),서울 은평구,4.0,6.0,도레도레,2023.06.18.,레터링케이크 너무 예쁘고 맛있네요 아빠가 무척 좋아하셨어용,NaN
424,Kakao,37,팬토리케이크,서울 은평구 연서로18길 6 1층 (대조동),서울 은평구,4.0,6.0,헬로,2023.06.14.,정보없음,NaN
425,Kakao,37,팬토리케이크,서울 은평구 연서로18길 6 1층 (대조동),서울 은평구,4.0,6.0,김수지,2022.02.22.,"레터링케이크는 처음인데
기대했던 것보다 촉촉하고 맛있어요!!!

글씨도 넘 예쁘게 써주시고
금손이신 사장님 감사합니다
다음에 또 주문할게요
감사합니다",NaN
426,Kakao,37,팬토리케이크,서울 은평구 연서로18길 6 1층 (대조동),서울 은평구,4.0,6.0,동구리,2021.10.26.,레터링이라 크게 기대 안했는데 케이크 촉촉하고 정말 맛있었어요! 오픈한지 얼마 안되신 거 같은데 앞으로 잘되셨으면 좋겠습니당!,NaN
434,Kakao,39,베이커리카페몽소새절역점,서울 은평구 증산로 403-1 1층 (신사동),서울 은평구,3.5,8.0,김도형,2023.04.19.,정보없음,NaN
435,Kakao,39,베이커리카페몽소새절역점,서울 은평구 증산로 403-1 1층 (신사동),서울 은평구,3.5,8.0,희수,2023.03.23.,정보없음,NaN
436,Kakao,39,베이커리카페몽소새절역점,서울 은평구 증산로 403-1 1층 (신사동),서울 은평구,3.5,8.0,Manna Fello...,2022.07.01.,"단팥빵하고 파운드 케익 비슷한 것을 샀습니다. 그런데 왜 그랬는지는 아무리 생각해도 알 수 없는데, 계산 후에 단팥빵을 손톱으로 꾹 누르면서 주더라구요.. 도대체 왜 그랬을까요??? 요상하게 기분나쁘네요. 빵집 많아요. 다신 안 갑니다.",NaN
437,Kakao,39,베이커리카페몽소새절역점,서울 은평구 증산로 403-1 1층 (신사동),서울 은평구,3.5,8.0,내튀김은,2021.05.08.,동네 빵집으로서 역할을 넘어서는 수준. 이 동네 프랜차이즈빵집 가면서 슬퍼하다가 몽소 빵 사먹고 기쁨이 넘침.,NaN
438,Kakao,39,베이커리카페몽소새절역점,서울 은평구 증산로 403-1 1층 (신사동),서울 은평구,3.5,8.0,ㄷㄷㄷ,2020.11.14.,빵이 맛있다,NaN
439,Kakao,39,베이커리카페몽소새절역점,서울 은평구 증산로 403-1 1층 (신사동),서울 은평구,3.5,8.0,Dr.Who,2020.09.16.,"브라우니는 건조한 파운드 케익 같고, 비스킷 어쩌구는 크리스피한 겉을 이름보고 기대했지만 뻑뻑한 매마른 국진이빵 이었으며, 쇼콜라 어쩌구는 그냥 몽쉘과 비슷한.. 제목과 매우 따로노는 느낌에 실망했습니다. 
-늘 빵 먹고사는 빵순이-",NaN
440,Kakao,39,베이커리카페몽소새절역점,서울 은평구 증산로 403-1 1층 (신사동),서울 은평구,3.5,8.0,Colors55,2020.01.07.,"포인트 쓸라고 하니깐 천원 이하는 '현금'으로만 결제 할 수 있다네요 만오백원 포인트로 결제 할라다 4500짜리 빵 빼야했음 
천원 이하는 따로 결제 해야 한다 그러길래 카드 주니까 '현금'만 된다고 어이없다는 표정으로 쳐다봄",NaN
441,Kakao,39,베이커리카페몽소새절역점,서울 은평구 증산로 403-1 1층 (신사동),서울 은평구,3.5,8.0,바다,2019.06.25.,참 친절하네요 빵도 맛있어요,NaN
448,Kakao,41,소재,서울 은평구 증산서길 101 1층 (증산동),서울 은평구,3.8,24.0,midd,2023.10.10.,"사정상 오랜만에 갔는데 여전히 기억해서 반겨주시고 예전에 뭘 좋아했는지 기억까지 해주시는 친절하신 사장님 !!
여전히 에그타르트와 케이크는 넘넘 맛있어요~
에그타르트 크기가 큰데, 먹다보면 순삭이에요ㅠ  또 사먹으러 올게요!!",NaN
449,Kakao,41,소재,서울 은평구 증산서길 101 1층 (증산동),서울 은평구,3.8,24.0,밍밍이,2023.10.05.,너무 맛있어요ㅠㅠ 제 인생 에그타르트.. 절대 돈이 아깝지 않아요 햇님 유튜브 보고 시켜먹었는데 졸맛탱입니더..ㅠㅠ,NaN
450,Kakao,41,소재,서울 은평구 증산서길 101 1층 (증산동),서울 은평구,3.8,24.0,진고우,2023.06.08.,갈때마다 사장님 매우 친절하셨는데 밑에 리뷰는 뭐지..? 암튼 우리동네 디저트 맛집입니다 증산동의 자랑.. 덕분에 당 땡길 때마다 든든함.. 믿고 먹을 수 있음 에그타르트가 젤 맛있지만 다른 케이크도 굿굿,NaN
451,Kakao,41,소재,서울 은평구 증산서길 101 1층 (증산동),서울 은평구,3.8,24.0,애플민트,2023.05.20.,맛은 있으나 4가지가 조금 아쉽네요 아무리 맛이 있어도 동네에서 민심을 잃으면 어려워질 수 있습니다 비싼 가격도 약간은 아쉽습니다,NaN
452,Kakao,41,소재,서울 은평구 증산서길 101 1층 (증산동),서울 은평구,3.8,24.0,김작가,2023.03.31.,"친절하고 케익맛이 달지 않고 좋아요 동네에 이런 좋은 곳이 있어서 좋아요. 끝날시간에 갔는데 서비스도 주셨어요ㅠㅜㅠ 에그타르트도 넘나 맛있었어요
감사합니다",NaN
453,Kakao,41,소재,서울 은평구 증산서길 101 1층 (증산동),서울 은평구,3.8,24.0,kyo,2023.01.25.,정보없음,NaN
454,Kakao,41,소재,서울 은평구 증산서길 101 1층 (증산동),서울 은평구,3.8,24.0,메롱,2022.11.18.,맛있었어요! 근데 전화로 포장 주문 가능하냐고 여쭤봤는데 에그타르트가 다 예약 되어 있어서 안된다고 하셨는데 직접 가보니까 에그타르트가 남아있더라구요. 배민으로도 수량 열려있었구요. 제가 마감시간쯤에 가려고 했던거라 사장님 입장에서 생각해보면 에그타르트 수량이 넉넉치 못해서 매장 방문 고객님들을 위해서 그렇게 말씀하신 것 같은데 그래도 조금 어리둥절했었어요. 차라리 예약은 안된다고 그냥 말씀해주셨다면 좋았을 것 같아요.◡̈   제 입맛에 맛은 아주 훌륭했습니다!,NaN
455,Kakao,41,소재,서울 은평구 증산서길 101 1층 (증산동),서울 은평구,3.8,24.0,standard,2022.10.24.,다들 비싸다 비싸다 하는데 이정도 퀄리티면 이 가격 받아도 된다고 생각함. 일반적인 가게보다 훨 퀄리티 높음. 맛과 질은 은평구 근처에서 볼 수 없는 수준임,NaN
456,Kakao,41,소재,서울 은평구 증산서길 101 1층 (증산동),서울 은평구,3.8,24.0,-,2022.05.15.,정보없음,NaN
457,Kakao,41,소재,서울 은평구 증산서길 101 1층 (증산동),서울 은평구,3.8,24.0,댱,2022.05.13.,에그타르트 맛있는 편이지만 굳이 동네에서 이가격에 테이크아웃을?,NaN
458,Kakao,41,소재,서울 은평구 증산서길 101 1층 (증산동),서울 은평구,3.8,24.0,김허송,2022.04.20.,"맛있지만 그 맛에비해 가격이 악랄하다.
직원 및 사장님 응대도 악랄하다. 다음에는 안갈 듯",NaN
459,Kakao,41,소재,서울 은평구 증산서길 101 1층 (증산동),서울 은평구,3.8,24.0,:),2022.02.16.,가격은 뭐 그렇다치더라도 젊은사람이던데 위생관념이 좀 없어보임. 깨끗하게 입고 하는거같아 보이지 않음ㅠ 주방 마스크 미착용...ㅋ 그리고 주문받는 직원은 좀 친절하나 사장이 ㅆㄱㅈ가 없음. 케익사고 영수증 달라니까 옆에서 사장이 듣더니 나보란듯이 유리위에 탁 놓고 직원에게 전달하라는식으로 행동함. 비싼금액 결제하고도 기분이 나빴음. 인스타에서 친절한척은 다해서 가봤는데 현실 행동이 별로... 전반적으로 맛은 있는것 같지만 손절함.,NaN
460,Kakao,41,소재,서울 은평구 증산서길 101 1층 (증산동),서울 은평구,3.8,24.0,신요섭,2022.01.27.,예쁜 티아라 케잌 잘 받았습니다. 감사합니다!! 케잌이 너무 예쁘네요 ㅠ,NaN
461,Kakao,41,소재,서울 은평구 증산서길 101 1층 (증산동),서울 은평구,3.8,24.0,SulliVan,2021.12.08.,레터링 케이크 필요하신 분들 추천해요 사장님이 제빵에 대한 지식도 풍부하신 것 같고 세상 친절하세요,NaN
462,Kakao,41,소재,서울 은평구 증산서길 101 1층 (증산동),서울 은평구,3.8,24.0,-,2021.12.04.,"맛있지만 가격이 너무 비싸요ㅠㅠ 
그치만 자꾸 생각나는 맛
에그타르트가 유명하던데 너무 두꺼워서 제취향은 아니었어요 

딸기케이크가 맛있었어요",NaN
463,Kakao,41,소재,서울 은평구 증산서길 101 1층 (증산동),서울 은평구,3.8,24.0,졍이,2021.09.11.,가격때매 별점 넘 낮은듯 한데 ㅠㅠ 전 납득할만한 가격이었습니다!! 저희 가족 모두 너무 좋아하는 곳이에요은평구에 매장이 있다는게 감사할 따름,NaN
464,Kakao,41,소재,서울 은평구 증산서길 101 1층 (증산동),서울 은평구,3.8,24.0,연두언니,2021.09.11.,정보없음,NaN
465,Kakao,41,소재,서울 은평구 증산서길 101 1층 (증산동),서울 은평구,3.8,24.0,짜마리,2021.09.08.,"포르투갈에 먹던 그 맛을 그토록 찾아 헤맸는데, 그 맛을 여기서 찾았습니다. 에그타르트 무조건 드셔보세요. 적당히 달면서 가득 찬 맛은 남녀노소가 좋아하는 맛입니다. 단점은 너무 자주가서 지출이 커진다는 점 ㅎㅎㅎㅎ",NaN
466,Kakao,41,소재,서울 은평구 증산서길 101 1층 (증산동),서울 은평구,3.8,24.0,!,2021.08.23.,"동네에 흔치않은 가게라 응원하곤싶지만 이동네에선 터무니없는 가격과 그에비하면 평범한 맛, 밖에서 주방 뻔히보이는데 항상 마스크 안쓰고있는것까지 좋게봐줄수있는 구석이 하나도 없음. 노인분들이 하시는가게도 아닌데 왜이리 기본을 안지키지",NaN
467,Kakao,41,소재,서울 은평구 증산서길 101 1층 (증산동),서울 은평구,3.8,24.0,히히히헷,2021.08.22.,"가끔 조각케이크 사먹는데 당근 케이크도 너무 맛있어요!! 한입 막고 너므 맛있어서 급하게 사진찍어 리뷰 올려용 여기 정말 다 맛있어용 
스콘,에그타르트, 케이크도 다 맛있구요 ㅎㅎ 사장님도 친절하시고, 다음에는 케이크 주문해보려구용",NaN
468,Kakao,41,소재,서울 은평구 증산서길 101 1층 (증산동),서울 은평구,3.8,24.0,asdfghetob,2021.06.30.,매장에서 먹을수도없는데 너무 비싸요 특히 에그타르트.. 스콘이랑 에그타르트 먹었는데 맛은 괜찮아요,NaN
469,Kakao,41,소재,서울 은평구 증산서길 101 1층 (증산동),서울 은평구,3.8,24.0,kookie,2021.04.25.,마스크를 안 끼세요...,NaN
470,Kakao,41,소재,서울 은평구 증산서길 101 1층 (증산동),서울 은평구,3.8,24.0,미부,2021.04.25.,많이 달아요. 재료들의 맛보다 시럽?같은 단맛이 많이 나고 남편은 애들 입맛이라고 ㅎㅎ,NaN
471,Kakao,41,소재,서울 은평구 증산서길 101 1층 (증산동),서울 은평구,3.8,24.0,mapjoha,2021.01.03.,"집 근처에 넘 예쁘게 생긴 가게가 있어서 가봤는데 외부, 내부 다 너무 깔끔하고 예뻐요!
 디저트 생긴 것도 다 귀엽고 먹고 싶게 생겼는데, 맛도 진짜 최고에요 ㅜ 지금껏 먹어본 스콘, 에그타르트 중에 최고에요! 사장님들도 넘 친절하시구 암튼 진짜 넘 맛있어요 꼭 사오셔서 드셔보시길 ..",NaN
472,Kakao,42,꽈배기나라,서울 은평구 은평로 205-13 1층 (녹번동),서울 은평구,4.8,4.0,롸옹,2023.07.13.,"헐랭하게대췅휘감은게아닌 진정한꽈배기
감사합니다 ♡
+아저씬친절한데 할머니기분나빠요별흡입하시네",NaN
473,Kakao,42,꽈배기나라,서울 은평구 은평로 205-13 1층 (녹번동),서울 은평구,4.8,4.0,HJ,2021.06.23.,가격도 저렴하고 맛있어용,NaN
474,Kakao,42,꽈배기나라,서울 은평구 은평로 205-13 1층 (녹번동),서울 은평구,4.8,4.0,도기도기,2021.04.28.,짱맛있고 사장님 친절하세요,NaN
475,Kakao,42,꽈배기나라,서울 은평구 은평로 205-13 1층 (녹번동),서울 은평구,4.8,4.0,최재민,2020.02.04.,"여긴 작년에 두번인가 가봤는데 연세가 있으신 분들이 만드시느라 
만드시는 속도들이 조금 느려서 그렇지 꽈배기 만드는 기술들이 
정말 다른데보다 훨씬 좋습니다.. 깨끗한 기름을 써서 그런지 
모든 음식들이 맛있었구요.. 다만 아쉬운건 시간을 조금 늦게까지
하셨음 하는 마음도 있네요.. 저녁 6시까지 운영을 하고 주 5일제로 
운영하다 보니 직장인들에게는 먹을 수 없는 아쉬움이 있을 것 같네요..",NaN
476,Kakao,43,폼드팡베이커리,서울 은평구 연서로29길 23 (갈현동),서울 은평구,3.4,21.0,ㅈㅎㅂ,2024.03.09.,정보없음,NaN
477,Kakao,43,폼드팡베이커리,서울 은평구 연서로29길 23 (갈현동),서울 은평구,3.4,21.0,소럽,2023.08.03.,비쥬얼에 비해 맛은 썩..,NaN
478,Kakao,43,폼드팡베이커리,서울 은평구 연서로29길 23 (갈현동),서울 은평구,3.4,21.0,빡치면 후기씀,2023.07.16.,정보없음,NaN
479,Kakao,43,폼드팡베이커리,서울 은평구 연서로29길 23 (갈현동),서울 은평구,3.4,21.0,냥복쟁이,2023.01.29.,"여러번 방문했는데 친절하시고 맛도 좋아요
재료가 아낌없이 들어가서 더 좋구요",NaN
480,Kakao,43,폼드팡베이커리,서울 은평구 연서로29길 23 (갈현동),서울 은평구,3.4,21.0,쥬,2022.11.14.,월요일 휴무로바뀌었어요 갔는데 문닫음…,NaN
481,Kakao,43,폼드팡베이커리,서울 은평구 연서로29길 23 (갈현동),서울 은평구,3.4,21.0,haha,2022.09.18.,예뻐서 지나가는 길에 이끌려 구매했는데 개인적으로는 평범한 맛이었어요.,NaN
482,Kakao,43,폼드팡베이커리,서울 은평구 연서로29길 23 (갈현동),서울 은평구,3.4,21.0,김수지,2022.09.09.,"불친절,,,,맛도 그닥",NaN
483,Kakao,43,폼드팡베이커리,서울 은평구 연서로29길 23 (갈현동),서울 은평구,3.4,21.0,deborah,2022.08.21.,"이집은 마늘바게트 맛집이네요
왠만하면 마늘바게트는 안사먹는 메뉴인데
(만들기쉬워서) 여기는 마늘바게트에 재료안아끼고
만들었단 느낌",NaN
484,Kakao,43,폼드팡베이커리,서울 은평구 연서로29길 23 (갈현동),서울 은평구,3.4,21.0,ss,2022.06.04.,아줌마 싸가지 없어,NaN
485,Kakao,43,폼드팡베이커리,서울 은평구 연서로29길 23 (갈현동),서울 은평구,3.4,21.0,187호둘,2022.04.09.,"4번째 방문인데 
크로플 맛있습니다.
후기 진짜 안남기는데 맛없다고 1점테러 하는 분들 보고 유치하다 느껴서 씁니다.
충분히 괜찮은데 왜케들 못잡아먹어서 안달입니까.",NaN
486,Kakao,43,폼드팡베이커리,서울 은평구 연서로29길 23 (갈현동),서울 은평구,3.4,21.0,윤동규,2022.02.06.,"상식적으로 2~3점이랑 5점이 같이 있을 순 있어도, 5점 아니면 1점이라니. 둘 중 하나의 별점은 거짓말이거나 학창시절 주인 아저씨한테 괴롭힘 당한 사람들일겁니다. 대왕 누네띠네는 단걸 싫어하는 저에게도 완벽한 꿀맛 페스츄리였고, 할라피뇨 소세지 빵은 소세지 빵 아카데미 수상작 수준입니다. 하나같이 빵이 너무 예뻐서 기념일에 케잌 대신 빵 사서 기념하려구요. 연신내의 축복입니다.",NaN
487,Kakao,43,폼드팡베이커리,서울 은평구 연서로29길 23 (갈현동),서울 은평구,3.4,21.0,HMM대주주,2022.01.11.,소소,NaN
488,Kakao,43,폼드팡베이커리,서울 은평구 연서로29길 23 (갈현동),서울 은평구,3.4,21.0,서대문구대표돼지,2021.11.14.,맛없어야될거같은데 맛있음 스콘 뭐야 왜맛있지,NaN
489,Kakao,43,폼드팡베이커리,서울 은평구 연서로29길 23 (갈현동),서울 은평구,3.4,21.0,뇽,2021.08.29.,빵 존맛 화이트롤 드세요 그리고 주말 오전알바 존예,NaN
490,Kakao,43,폼드팡베이커리,서울 은평구 연서로29길 23 (갈현동),서울 은평구,3.4,21.0,김민수,2021.04.05.,"저도 웬만하면 후기 안남기는데, 여기.. 진짜 맛있습니다..

집 근처라 자주 사 먹는데, 쇼케이스에 진열해두는 팡도르도 진짜 맛있고 (개인적으로는 초코보다 생크림 추천) 여기 진짜는 타르트입니다...! 에그타르트랑 치즈타르트, 오레오타르트 여러 번 먹었는데 진짜 다 매번 맛있었고, 성심당의 도시 대전 출신 빵집 딸인 대학 친구 피셜로 타르트 생지가 안 뻑뻑하고 흔한 맛도 아니고 밀가루 맛도 하나도 안 나고 느끼하지도 않다며 인생 에그타르트라며 극찬에 극찬을 했습니다... 그리고 오레오타르트에 들어간 크림은 진짜 태어나서 처음 먹어보는... 우유랑 계란의 고소한 풍미가 그대로 순수하게 느껴지는 크림이었고요... 이런 맛의 크림을 어떻게 하면 싸구려로 느끼실 수 있는지 저는 정말 이해가 가지 않습니다...

저와의 이해관계가 진짜 단 1도 없는 집이지만 연신내에 이런 빵집도 있다는 것에 자부심을 가지고 있던 연신내 주민으로서 평균 별점이 2점인 것은 진짜 아니지 않나하는 생각에 카카오 별점 남깁니다...

모쪼록 칭찬은 겸손히 받고, 비판은 건실히 수용하고, 무분별하고 원색적인 비난은 적당히 흘려들으실 수 있는 사장님이 되시길 바라며 오래 장사하시길 부탁드립니다!",NaN
491,Kakao,43,폼드팡베이커리,서울 은평구 연서로29길 23 (갈현동),서울 은평구,3.4,21.0,크리아이나,2021.03.27.,"저도 웬만하면 후기 안남기는데,, 크로아상 탄맛나고 생크림도 별로였고... 무엇보다 스콘은 쓴맛에 모래 먹는줄 알았네요... 맛있는 스콘은 겉바속촉에 쫀듯한감도 있는데.. 한입먹고 버렸어요..",NaN
492,Kakao,43,폼드팡베이커리,서울 은평구 연서로29길 23 (갈현동),서울 은평구,3.4,21.0,dan,2021.03.14.,"진짜 후기 절대 안남기는데 ....
그냥 배달의 민족에서 평점 높은 곳 주문시켜드세요..
레알 이거는 괜찮겠지하고 시켰는데 껌 씹어 먹는 줄
다신 안감",NaN
493,Kakao,43,폼드팡베이커리,서울 은평구 연서로29길 23 (갈현동),서울 은평구,3.4,21.0,Jin,2021.03.14.,"왠만해서는 디저트 안남기는데... 가히 충격적인 맛...
친구랑 한입씩 먹고 욕했어요 
보통 타르트 생지가 쿠키 형식이잖아요
크리스피한 형식 여기는 무슨 빵같은 이상한 재질...
안에 필링도 싸구려 크림맛 크로플도 버터를
쓰긴 쓰는건가 싶고... ㅠㅠ 제 인생에서 진짜
디저트 남기는 일 손꼽히는데 그중에 한곳이
여기가 되었네요
여러분! 차라리 가까운 편의점 에서 파는
빵이 10000배 더 맛나는거 같네요!",NaN
494,Kakao,43,폼드팡베이커리,서울 은평구 연서로29길 23 (갈현동),서울 은평구,3.4,21.0,향동러,2021.03.12.,"와....

크로와상 하나 먹어 봤는데
달고 쓰고....

다시 갈 일 없을 듯 합니다",NaN
495,Kakao,43,폼드팡베이커리,서울 은평구 연서로29길 23 (갈현동),서울 은평구,3.4,21.0,dawn,2021.02.23.,정보없음,NaN
496,Kakao,43,폼드팡베이커리,서울 은평구 연서로29길 23 (갈현동),서울 은평구,3.4,21.0,냠,2020.12.27.,"마늘바게트, 맘모스빵, 크루와상앙버터, 감자샐러드소세지빵, 에그타르트 다 정말정말 맛있어요!!!
조만간 또 방문하게될것같아요♡♡♡♡♡",NaN
529,Kakao,48,안스베이커리롯데은평점,서울 은평구 통일로 1050 롯데몰 은평점 1층 (진관동),서울 은평구,3.0,26.0,이재연,2024.02.11.,정보없음,NaN
530,Kakao,48,안스베이커리롯데은평점,서울 은평구 통일로 1050 롯데몰 은평점 1층 (진관동),서울 은평구,3.0,26.0,냥복쟁이,2024.02.05.,"빵 맛있고 종류가 다양함
직원 친절했음",NaN
531,Kakao,48,안스베이커리롯데은평점,서울 은평구 통일로 1050 롯데몰 은평점 1층 (진관동),서울 은평구,3.0,26.0,🐱,2024.01.15.,포장비닐이 모자라 음식에 테이프 붙여주는 클라스란..,NaN
532,Kakao,48,안스베이커리롯데은평점,서울 은평구 통일로 1050 롯데몰 은평점 1층 (진관동),서울 은평구,3.0,26.0,이 구역 메뉴판,2023.12.26.,"사진과 매장에서 바로주는 진열대엔
알이 큼지막 하고
빨간 딸기로 비어있는 곳이 없으며
케잌 타르트 지름 넘어갈 정도의 크기라서
사전예약하고 받아보니!
꼬마 딸기... 하...
공간 비어있는 곳에 하얀 생크림이 듬성듬성 보이고요.

이 상태로 어떻게 판매까지 할 생각 하셨나요..
케익들이 끌차에 쌓여서 오는걸 보니
공장에서 대량판매용으로 따로 만드신것같네요
딸기 상태가 다르면 미리 고지를 해주던지
선물용이었는데 받으시는 분 앞에서 진짜 난감해서 원...
명장베이커리 맞나요?

😤",NaN
533,Kakao,48,안스베이커리롯데은평점,서울 은평구 통일로 1050 롯데몰 은평점 1층 (진관동),서울 은평구,3.0,26.0,강쥐,2023.10.09.,정보없음,NaN
534,Kakao,48,안스베이커리롯데은평점,서울 은평구 통일로 1050 롯데몰 은평점 1층 (진관동),서울 은평구,3.0,26.0,왕감자,2023.09.12.,"항상 친절하시고 빵이 너무x1000000맛있어요,,,
꽈배기와 소금빵 미쳤고 그냥 다른 빵들도 다 기본급 이상입니다",NaN
535,Kakao,48,안스베이커리롯데은평점,서울 은평구 통일로 1050 롯데몰 은평점 1층 (진관동),서울 은평구,3.0,26.0,💕,2023.05.26.,정보없음,NaN
536,Kakao,48,안스베이커리롯데은평점,서울 은평구 통일로 1050 롯데몰 은평점 1층 (진관동),서울 은평구,3.0,26.0,Dime,2023.05.18.,가격 비싸고 겉만 번지르하고 맛이 없음.,NaN
537,Kakao,48,안스베이커리롯데은평점,서울 은평구 통일로 1050 롯데몰 은평점 1층 (진관동),서울 은평구,3.0,26.0,문재앙,2023.05.13.,명란젓빵최고,NaN
538,Kakao,48,안스베이커리롯데은평점,서울 은평구 통일로 1050 롯데몰 은평점 1층 (진관동),서울 은평구,3.0,26.0,팡팡팡,2023.04.21.,"딸기케익 속에 딸기가 없다니
이름을 겉딸기케익으로 바꿔야할듯",NaN
539,Kakao,48,안스베이커리롯데은평점,서울 은평구 통일로 1050 롯데몰 은평점 1층 (진관동),서울 은평구,3.0,26.0,JI YOUNG,2023.01.17.,"맛은 있는데, 서비스가 좀 별로. 
다른 빵집은 빵 다 데워주시는데, 전자레인지 어디에 있는지 불친절하게 알려주시고 알아서 돌려 먹으라고 하셔서 조금 당황.",NaN
540,Kakao,48,안스베이커리롯데은평점,서울 은평구 통일로 1050 롯데몰 은평점 1층 (진관동),서울 은평구,3.0,26.0,K&J,2022.11.12.,빵개별포장이 아쉽네요,NaN
541,Kakao,48,안스베이커리롯데은평점,서울 은평구 통일로 1050 롯데몰 은평점 1층 (진관동),서울 은평구,3.0,26.0,모야모야,2022.09.03.,저녁은 친절하신데 아침에 가면 불친절하신분이 계심 너무 민망스러울정도로 비난하듯 말하길래 좀 껄끄러운 장소가 됨 빵은 비싸지만 맛있음,NaN
542,Kakao,48,안스베이커리롯데은평점,서울 은평구 통일로 1050 롯데몰 은평점 1층 (진관동),서울 은평구,3.0,26.0,밥보다빵,2022.07.08.,문안 그 자체 좀 비싸,NaN
543,Kakao,48,안스베이커리롯데은평점,서울 은평구 통일로 1050 롯데몰 은평점 1층 (진관동),서울 은평구,3.0,26.0,냥,2022.01.14.,소금빵 최고!,NaN
544,Kakao,48,안스베이커리롯데은평점,서울 은평구 통일로 1050 롯데몰 은평점 1층 (진관동),서울 은평구,3.0,26.0,내돈내산.,2021.10.23.,"소금빵 미쳤음. 그전엔 그저그런 가게였는데 소금빵 나오고나서 한번가면 소금빵만 5개집어옴.
소금빵 나오기전 나온후 확실히 달라졌음.
계산은 비슷하고, 빵 퀄이 진짜 넘사됐음",NaN
545,Kakao,48,안스베이커리롯데은평점,서울 은평구 통일로 1050 롯데몰 은평점 1층 (진관동),서울 은평구,3.0,26.0,ㅁ,2021.08.03.,"그 직원에 그 매니저
직원이 세상 싸가지 없길래 매니저한테 따졌더니 나보고 이해하고 넘어가라는데, 내가 이해할 정도였으면 매니저한테 따졌겠니? 제발 망했으면",NaN
546,Kakao,48,안스베이커리롯데은평점,서울 은평구 통일로 1050 롯데몰 은평점 1층 (진관동),서울 은평구,3.0,26.0,잠봉베르,2021.07.12.,방금전에 어떤 할아버지가 식빵들을 손으로 만지면서 지나가던데 ... 코로나바이러스땜에 위험한데 아무도 제지하는 직원이 없어요. 빵들이 오픈되어있어 찝찝한데 낱개포장해야지 이건 아닌듯...,NaN
547,Kakao,48,안스베이커리롯데은평점,서울 은평구 통일로 1050 롯데몰 은평점 1층 (진관동),서울 은평구,3.0,26.0,katie ahn,2021.04.25.,"맛있는데
직원불친절때문에 가기싫음 ㅠ",NaN
548,Kakao,48,안스베이커리롯데은평점,서울 은평구 통일로 1050 롯데몰 은평점 1층 (진관동),서울 은평구,3.0,26.0,송파 고현정,2021.03.25.,집 근처라 꾸준히 가는데 예전부터 직원분들이 살짝 쎄- 해요. 매장 매뉴얼 엉성한 걸로 손님 혼란스럽게 해놓고 원래는 안되는데 이번만 해준다는 식의 되도 않는 너그러운 빵집 코스프레가 좀 토 쏠려요.. 약간 딱 봐도 멍청한 애가 짱구 굴려대는 거 다 티나는 느낌? 탄탄한 매뉴얼을 만들어서 좀 똑똑하게 개선되면 좋겠어요!,NaN
549,Kakao,48,안스베이커리롯데은평점,서울 은평구 통일로 1050 롯데몰 은평점 1층 (진관동),서울 은평구,3.0,26.0,하늘,2021.03.24.,"솔직히 빵은 맛있는데
케이크는 진짜 노맛이고 돈아까워요
빵만 사드세요 케이크는 아님 진짜...
딸기생크림 34000원인데
포장지에는 동물성 크림이라던데
케이크 위에 깍지짜서 장식한 크림 느끼하고 
한입먹자마자 다 걷어냄
시트지 사이 크림이랑 위에 장식한 크림 둘이 달랐어요. 느글느글한 크림...
차라리 파리바게트 생크림이 더 맛있어요
옆에도 플라스틱띠로 마무리해서 케이크 옆면에 크림도 별로 없고, 케이크 시트도 맛없어요.
쓰다보니 케이크 돈 아까워서 짜증나려고 함",NaN
550,Kakao,48,안스베이커리롯데은평점,서울 은평구 통일로 1050 롯데몰 은평점 1층 (진관동),서울 은평구,3.0,26.0,s.b.c,2021.02.16.,1점도 아깝다 알바♬♪♪♪ 커팅해서팔던가봉지에담아팔던가 왜 위생은엉망이면서 가격은비싸냐 다신안간다,NaN
551,Kakao,48,안스베이커리롯데은평점,서울 은평구 통일로 1050 롯데몰 은평점 1층 (진관동),서울 은평구,3.0,26.0,leesol,2021.01.30.,"빵 맛은 엄지척!
가격은 비싸요
직원분들 업무가 바빠서 정신없어 하시고
 위생에 별로 신경 안쓰는것 같아요
빵 담고 그럴때 좀 살펴봐야 될듯 해요",NaN
552,Kakao,48,안스베이커리롯데은평점,서울 은평구 통일로 1050 롯데몰 은평점 1층 (진관동),서울 은평구,3.0,26.0,Hee.,2020.09.27.,빵은 맛있는데  꾸준히 가격을 올린다. 매장에서 가격 또 올렸네 그러면 “아 그거 양을 늘렸어요”그러는데 3년 동안 꾸준히 먹었는데 그정도도 모를까요? 그리고 고객이 많든 적든 항상 카운터를 하나만 열어 대기줄은 또 어찌나 긴 지....크리스마스 같은 날에는 헬 임. 빵사는 줄이랑 결제 대기줄이랑 다 섞이고.. 참 오픈부터 지켜봤지만 안 좋은 점은 하나도 개선 되지 않고 가격만 열심히 올리는 업체!,NaN
553,Kakao,48,안스베이커리롯데은평점,서울 은평구 통일로 1050 롯데몰 은평점 1층 (진관동),서울 은평구,3.0,26.0,YR,2020.06.18.,명란바게트... 최고,NaN
554,Kakao,48,안스베이커리롯데은평점,서울 은평구 통일로 1050 롯데몰 은평점 1층 (진관동),서울 은평구,3.0,26.0,바다,2019.12.28.,"얄밉게도 모든 빵이 높은 수준의 맛을 낸다. 지점도 많은데 이 정도 퀄리티의 수준을 유지하다니... 대단하다. 
동네 빵집들은 이 집의 수준이라도 따라잡았으면 좋겠다.",NaN
555,Kakao,49,아빌스,서울 은평구 역말로4길 5 라온채역촌 상가 1층 (역촌동),서울 은평구,4.7,6.0,G-silver,2023.08.23.,"25일부터 정상영업 한다고 써있더라구요
여기 빵맛있어요",NaN
556,Kakao,49,아빌스,서울 은평구 역말로4길 5 라온채역촌 상가 1층 (역촌동),서울 은평구,4.7,6.0,김민지,2023.05.21.,다양한 빵 종류가 있어요! 카야 버터 프레첼은 처음 먹어봤는데 맛있었고 카라멜 휘낭시에도 쫀맛!!! 빵 종류별로 하나씩 다 먹어보고싶어요 ㅠㅠㅠ,NaN
557,Kakao,49,아빌스,서울 은평구 역말로4길 5 라온채역촌 상가 1층 (역촌동),서울 은평구,4.7,6.0,도란 도란,2023.04.13.,소금빵이랑 베이글이 담백하구 맛있어요,NaN
558,Kakao,49,아빌스,서울 은평구 역말로4길 5 라온채역촌 상가 1층 (역촌동),서울 은평구,4.7,6.0,이용재 李镕在,2022.12.09.,"지난 5일에 걸어가다가 못 보던 카페가 있어서 눈길을 사로잡혔어요. 간판도 없고 안에는 의자테이블도 없어서 막 생긴집인가 하고 들어가봤어요. 
문에 가오픈이라고 적혀있더라고요. 빵이 맛있으면 좋겠다라는 생각에 들어갔어요. 여러가지 종류가 있었는데 와이프가 크림을 좋아해서 바질?크림치즈인가 랑 소보루 골랐어요~ + 서비스 말차스콘!
3개 다 너무 맛있게 먹었어요, 소보루랑 말차스콘은 바로 먹지 못하고 냉장고에 넣었다가 3일뒤에 전자렌지에 살짝 돌려서 먹었는데도 너무 맛있었어요.

집에서 2분거리인 맛있는빵집 발견해서 좋네요. 또 방문할께요!",NaN
559,Kakao,49,아빌스,서울 은평구 역말로4길 5 라온채역촌 상가 1층 (역촌동),서울 은평구,4.7,6.0,이선영,2022.12.06.,"양파크림베이글이 시그니처라서 먹어봤는데 역시 존맛..그잡채..에요..! 
카야버터브레첼도 맛있었어요ㅎㅎ
은평구 주민분들 꼭 들려야 할 곳 !!",NaN
560,Kakao,49,아빌스,서울 은평구 역말로4길 5 라온채역촌 상가 1층 (역촌동),서울 은평구,4.7,6.0,이화영,2022.12.01.,우연히 집을 가다가 발견한 빵집인데 너무 맛있어요ㅠㅠ 주변이 맛있는 빵집이 없었는데ㅠㅠ 너무 좋아용 가오픈이라고 하셔서 타르트도 서비스로 주시고 일단 빵이 전체적으로 제취향👍 제방문해야겠어요,NaN
561,Kakao,50,갈현동구움과자,서울 은평구 갈현로 332-7 1층 102호 (갈현동),서울 은평구,4.7,6.0,먕먕,2022.09.26.,"사장님이 너무 친절하시고 귀여우세요ㅠㅠㅎㅎ 다쿠와즈 좋아해서 찾아갔는데 구움과자들을 당일에 만드시는지 하나같이 너무 폭신폭신 맛있어요ㅎㅎ 그리고 필링 종류도 다양하고, 커피 가격도 저렴해서 다음에 또 찾아가려구요!",NaN
562,Kakao,50,갈현동구움과자,서울 은평구 갈현로 332-7 1층 102호 (갈현동),서울 은평구,4.7,6.0,eeeeeee,2022.09.02.,"휘낭시에 맛있어요!
개인적으로 다쿠아즈는 그닥이었어요",NaN
563,Kakao,50,갈현동구움과자,서울 은평구 갈현로 332-7 1층 102호 (갈현동),서울 은평구,4.7,6.0,대한민국,2021.12.09.,"사장님 너무너무 친절하시고 다쿠아즈 정말 맛있어요! 
회사 인근에 있는데 종종 들릴 것 같네요~ 맛있게 잘 먹었습니다 ^^",NaN
564,Kakao,50,갈현동구움과자,서울 은평구 갈현로 332-7 1층 102호 (갈현동),서울 은평구,4.7,6.0,Joegh,2021.10.14.,정보없음,NaN
565,Kakao,50,갈현동구움과자,서울 은평구 갈현로 332-7 1층 102호 (갈현동),서울 은평구,4.7,6.0,이민규,2021.06.05.,휘낭시에 존맛,NaN
566,Kakao,50,갈현동구움과자,서울 은평구 갈현로 332-7 1층 102호 (갈현동),서울 은평구,4.7,6.0,지금,2020.01.04.,너무너무너무너무너무 맛있어요~,NaN
567,Kakao,51,솔드아웃베이커리,서울 은평구 연서로26길 15-17 1층 (대조동),서울 은평구,4.9,11.0,🐯,2024.03.24.,"통소세지 페스츄리 진짜 맛있어요 꼭 먹어보길
가격은 싼편아니지만 너무 맛있어요
개인적으로 바게트보다 치아바타 맛있어요",NaN
568,Kakao,51,솔드아웃베이커리,서울 은평구 연서로26길 15-17 1층 (대조동),서울 은평구,4.9,11.0,다영,2024.03.10.,배민으로 시켰다가 너무 맛있어서 직접 방문 했어요!잠봉뵈르도 맛있고 치아바타도 맛있고 토마토 절임 소스도 맛있고 크로크무슈도 맛있어요!!,NaN
569,Kakao,51,솔드아웃베이커리,서울 은평구 연서로26길 15-17 1층 (대조동),서울 은평구,4.9,11.0,굿굿,2024.03.04.,"바게트 겉바속촉 짱이에요 입맛 없을 때 여기 빵 먹으면 기분이 좋아집니다 초코오렌지필 바게트랑 버터 프렛첼, 까눌레, 소금빵, 크로아상 먹어봤는데 프렛첼이랑 바게트가 진짜 맛있어요~ 그리고 가끔씩 신메뉴도 나와서 고르는 재미가 있어요 자주 방문하지는 않지만 이 동네에서 오래오래 장사하셨음 좋겠는 마음에 리뷰 남깁니다... 주택가에 있어서 조용한 분위기도 좋아요",NaN
570,Kakao,51,솔드아웃베이커리,서울 은평구 연서로26길 15-17 1층 (대조동),서울 은평구,4.9,11.0,맛있는거먹꼬시퐁,2024.02.28.,정보없음,NaN
571,Kakao,51,솔드아웃베이커리,서울 은평구 연서로26길 15-17 1층 (대조동),서울 은평구,4.9,11.0,빠삐용,2023.12.09.,"딸기케이크에 딸기가 셔서 사실 맛이 조화롭지는 못합니다. 딸기는 크고 양이 많아요. 먹으면서 계속 맛을 찾고 있었는데 저는 후르츠칵테일이 시트에 들어간걸 원했나봅니다. 

다른 얘기지만 저번에 방문했을때 종이백 두개에 담을 정도의 빵을 샀었는데 손잡이 없이 들고 가려니 빵 무게때문에 손에 쥐가 날정도였었고
케잌 샀는데 손잡이 달린 종이백에 담아주시고
그때와 지금의 포장법이 바뀐게 더 적절하지 않나 생각해봅니다.",NaN
572,Kakao,51,솔드아웃베이커리,서울 은평구 연서로26길 15-17 1층 (대조동),서울 은평구,4.9,11.0,한토리의 후기를 맛보...,2023.10.04.,정보없음,NaN
573,Kakao,51,솔드아웃베이커리,서울 은평구 연서로26길 15-17 1층 (대조동),서울 은평구,4.9,11.0,무무,2023.09.11.,빵 맛있어요 푸딩도!!,NaN
574,Kakao,51,솔드아웃베이커리,서울 은평구 연서로26길 15-17 1층 (대조동),서울 은평구,4.9,11.0,츄니,2023.05.15.,진짜 연신내에서 맛있는 빵집 찾기 어려웠는데 ㅜㅜ 여긴 대박이에여.....소금빵은 정말 맛잇구 깜빠뉴도 종류별로 다양해서 엄마도 좋아하시더라구요!!ㅎㅎ 주변 동네 사는 사람들한테 추천중입니닷 ㅎㅎ 이벤트로 주신 산딸기잼도 맛있어서 또 빵사루 가려구요!ㅎㅎ 동네살면서 자주 갈거 같아요!! 추천합니다!!ㅎㅎㅎㅎ,NaN
575,Kakao,51,솔드아웃베이커리,서울 은평구 연서로26길 15-17 1층 (대조동),서울 은평구,4.9,11.0,카와,2023.05.12.,"새로 생겨서 가봤는데 빵 진짜 맛있음.
가격도 비싸지 않고 5점 안 줄 수 없는 맛",NaN
576,Kakao,51,솔드아웃베이커리,서울 은평구 연서로26길 15-17 1층 (대조동),서울 은평구,4.9,11.0,뱁,2023.05.12.,"옥수수깜빠뉴 담백하고 고소해서 너무 맛있어요
겉은 딱 적당히 바삭하고 속은 쫄깃하네요
이런 식사빵 너무 좋아요 🥹",NaN
577,Kakao,51,솔드아웃베이커리,서울 은평구 연서로26길 15-17 1층 (대조동),서울 은평구,4.9,11.0,R,2023.05.11.,재료들 풍족함! 건강빵 위주이고 산딸기쨈도 존맛! 마늘바게트랑 깨빵이랑 소금빵 탑쓰리! 시그니처인 들깨빵들도 있어요 싱기싱기,NaN
578,Kakao,54,케이크진심,서울 은평구 갈현로1길 9 1층 (신사동),서울 은평구,5.0,5.0,맘에드는곳만리뷰씀,2024.02.07.,"지나가다 보고 가게 이름이 마음에 들어서 찜해뒀다가 오늘 응암 들를 일이 있어서 가봤어요! 매장에 따로 자리는 없어서 미니 케이크 하나 사와서 집에서 먹었습니다. 후기가 좋아서 기대했는데 정말 맛있어요!! 많이 달거나 자극적이지 않은, 깔끔하고 담백한 맛입니다. 처음엔 시트가 조금 단가?싶었는데 먹다보니 빠져드는 맛이에요~ 크림도 부드럽고 정말 맛있습니다. 꼭 다시 방문할게요!!",NaN
579,Kakao,54,케이크진심,서울 은평구 갈현로1길 9 1층 (신사동),서울 은평구,5.0,5.0,한희경(지아호맘),2024.01.23.,생크림케이크 별로 안좋아 하는 딸래미가 다 먹었어요!,NaN
580,Kakao,54,케이크진심,서울 은평구 갈현로1길 9 1층 (신사동),서울 은평구,5.0,5.0,.,2023.12.26.,"딸기케이크 진짜 강추입니다! 사장님도 친절하시고 케이크 디자인도 예쁜데 뭐니뭐니해도 맛이 역시 최고였어요! 딸기도 하나도 안 무르고 싱싱하고 달고, 크림도 안 달고 환상이었어요! 벌써 또 먹고싶어요",NaN
581,Kakao,54,케이크진심,서울 은평구 갈현로1길 9 1층 (신사동),서울 은평구,5.0,5.0,임성희,2023.04.20.,"원래 케잌 안 좋아해서 있는 투썸 쿠폰도 잘 사용 안 하는데, 여기 케잌은 진짜입니다. 딸기 1호사서 가족들과 먹었는데 좋은 재료를 써서인지 나이많은 부모님부터 밀가루 기피하는 장 예민한 동생가족들까지 모두 편하게 먹었고 맛도 대만족했어요. 그냥 입에서 살살 녹더라고요. 다만 케잌이 이동중에 움직여서 약간 찌그러진것(?)이 좀 그랬는데, 먹고나니, 빵이 너무 부드러워 하단에 고정지지대를 못 두겠구나 느꼈답니다.",NaN
582,Kakao,54,케이크진심,서울 은평구 갈현로1길 9 1층 (신사동),서울 은평구,5.0,5.0,",",2023.04.04.,"이렇게 무거운 케익은 첨이네요. ㅠㅠ
1호라는데.. 딸기가 통으로 몇개가 들어갔는지..
생크림도 좋은거 쓰신다는데 너무 부드럽고 안느끼하고 빵도 맛있어요~  
여기 사장님 진심이네요.
만드는대로 팔려서 딸기케익 밖에 남은게 없었다는게 아쉬운 점이랄까..",NaN
603,Kakao,58,프랑세즈베이커리,서울 은평구 갈현로 57-1 (역촌동),서울 은평구,4.9,15.0,eung응,2023.08.19.,특히 소금빵은 매일 생각나요 ㅠㅠ 갈 때마다 직원분 다른데 다들 친절하시고 맛이 한결같아요 늦게 가면 거의 없어요 이 동네 살면서 이 빵집 알게 된 게 행운이예요.,NaN
604,Kakao,58,프랑세즈베이커리,서울 은평구 갈현로 57-1 (역촌동),서울 은평구,4.9,15.0,묭묭,2023.08.09.,"뭐죠 ㄹㅇ 존맛이네요
이 동네 안 살아서 앞으로 올 일이 없다는 게 아쉬움ㅠ
이 지역 들릴 일 있으면 여긴 무조건 재방문",NaN
605,Kakao,58,프랑세즈베이커리,서울 은평구 갈현로 57-1 (역촌동),서울 은평구,4.9,15.0,싸가지,2023.06.04.,키리쉬 케익 늘 맛있어요. 생딸기 듬뿍^^,NaN
606,Kakao,58,프랑세즈베이커리,서울 은평구 갈현로 57-1 (역촌동),서울 은평구,4.9,15.0,지지,2023.05.21.,"아침 일찍 가시던가, 
예약을 해야 구할수 있는 맛집.

바게트는 겉은 적당한 두께로 바삭하고
안은 촉촉, 쫄깃 담백한게 최고에요ㅠ 
그냥 먹어도 술술 넘어가고 자꾸 손이 가요.

생크림만 따로 파시는지 확인하고픈 맛.
느끼하지 않고 가볍고, 딸기가 듬뿍 들어가서 묵직하면서도, 빵도 시럽에 절이지 않아 적당히 달면서 많이 먹어도 부담되지 않아요.
산뜻한 느낌에 맛이에요.

딸기생크림 케이크도 맛있지만.
초코케이크 강추 입니다.
초코에 절인 맛이 아니라 시트가 초코 빵에,
생크림 위에 갈은 초코릿 덕분에 은은한 초코 향이 돌아요.

밥먹고 나서도 케이크 생각에 밥을 덜먹게 되요ㅋㅋㅋ",NaN
607,Kakao,58,프랑세즈베이커리,서울 은평구 갈현로 57-1 (역촌동),서울 은평구,4.9,15.0,맛있우,2023.05.10.,빵 진짜 맛있어요 특히 바게트..👍🏻 그 외 빵들도 진짜 진짜 맛있는데 요즘들어 여자 사장님 너무 불친절해요 갈 때마다 마음의 준비하고 가야할 정도.. 전화도 방문도 모두 퉁명스러워서 갈 때마다 기분이 드러워요ㅠ근데 빵 넘 맛있어서 안가기엔 아쉬워요,NaN
608,Kakao,58,프랑세즈베이커리,서울 은평구 갈현로 57-1 (역촌동),서울 은평구,4.9,15.0,👀,2023.04.06.,정보없음,NaN
609,Kakao,58,프랑세즈베이커리,서울 은평구 갈현로 57-1 (역촌동),서울 은평구,4.9,15.0,😀,2022.08.09.,정보없음,NaN
610,Kakao,58,프랑세즈베이커리,서울 은평구 갈현로 57-1 (역촌동),서울 은평구,4.9,15.0,고양이최고,2022.07.06.,오후 2~3시 넘어서 가면 인기 빵들은 거의 없다고 봐야 함... 케이크도 아슬아슬 하나 있을까 말까. 정류장에서 애매하게 멀어서 귀찮지만 맛있어서 가게 되네요. 빵도 다 맛있지만 케이크가 정말 맛있어요.,NaN
611,Kakao,58,프랑세즈베이커리,서울 은평구 갈현로 57-1 (역촌동),서울 은평구,4.9,15.0,Lola,2022.07.05.,개인적으로...주관적으로...이 동네 제빵업계의 지존이라 불리어도 손색이 없을정도임 개취로 맘모스빵 정말 예술임 강추!!!,NaN
612,Kakao,58,프랑세즈베이커리,서울 은평구 갈현로 57-1 (역촌동),서울 은평구,4.9,15.0,HMM대주주,2022.05.05.,담에 다시와서 다른거 사볼게요 마싰따,NaN
613,Kakao,58,프랑세즈베이커리,서울 은평구 갈현로 57-1 (역촌동),서울 은평구,4.9,15.0,코코아,2020.12.21.,미친 맛이에요 정말 맛있어요 딸기생크림케익 최고,NaN
614,Kakao,58,프랑세즈베이커리,서울 은평구 갈현로 57-1 (역촌동),서울 은평구,4.9,15.0,빵빵덕,2020.12.21.,딸기생크림케이크 미쳤어요 피오니보다 더 맛있다,NaN
615,Kakao,58,프랑세즈베이커리,서울 은평구 갈현로 57-1 (역촌동),서울 은평구,4.9,15.0,다음지도이름,2020.09.29.,맛있어요~,NaN
616,Kakao,58,프랑세즈베이커리,서울 은평구 갈현로 57-1 (역촌동),서울 은평구,4.9,15.0,🌳,2020.02.21.,최애 케이크 집입니다! 딸기 생크림 케이크 진짜 맛있어요 한판 가능 그 외에 빵도 맛있어요♡ 초코칩쿠키도 완전 최고,NaN
617,Kakao,58,프랑세즈베이커리,서울 은평구 갈현로 57-1 (역촌동),서울 은평구,4.9,15.0,"전ㅇㅍ, IPJeon",2019.09.26.,"생크림케익 맛있고요.
크림치즈 들어간 빵 좋아하신다면, 아기궁뎅이라는 빵 마음에 드실겁니다. ^^",NaN
621,Kakao,60,꼬알라파이은평점,서울 은평구 은평로 204 1층 (응암동),서울 은평구,4.5,24.0,허미,2024.04.01.,"맛있고 친절해요~~ 주차는 힘듭니다ㅠ 은평구청 정류장에서 내리면 바로니까 버스타고 오시면 딱 맞을 듯!
너무 너무 맛있고 피클 있으면 더 맛있을 것 같아요…😍",NaN
622,Kakao,60,꼬알라파이은평점,서울 은평구 은평로 204 1층 (응암동),서울 은평구,4.5,24.0,올때빙그레바나나,2024.02.24.,우리동네에 이런곳이 있다니! 맛있는 고기파이~ 묵직하니 식사대용으로도 좋고 매장 분위기도 아기자기 귀여워요. 코알라 아니고 꼬알라파이입니다!,NaN
623,Kakao,60,꼬알라파이은평점,서울 은평구 은평로 204 1층 (응암동),서울 은평구,4.5,24.0,쩡키,2023.12.02.,정보없음,NaN
624,Kakao,60,꼬알라파이은평점,서울 은평구 은평로 204 1층 (응암동),서울 은평구,4.5,24.0,냉철한입맛,2023.11.16.,애플파이 맛있습니다,NaN
625,Kakao,60,꼬알라파이은평점,서울 은평구 은평로 204 1층 (응암동),서울 은평구,4.5,24.0,Dain Lim,2023.10.26.,"가게 앞에서 너무 향긋한 버터향이 나서 들어가봤어요. 호주식 고기파이도 새롭고 코알라
파이라는 이름이랑 분위기까지 뭔가 신기해서 호기심에 사먹어봤는뎅 맛있네용~",NaN
626,Kakao,60,꼬알라파이은평점,서울 은평구 은평로 204 1층 (응암동),서울 은평구,4.5,24.0,미윰,2023.09.28.,맛있고 분위기 좋아요,NaN
627,Kakao,60,꼬알라파이은평점,서울 은평구 은평로 204 1층 (응암동),서울 은평구,4.5,24.0,와이,2023.08.29.,맛있게 잘 먹었어요 ㅎㅎ,NaN
628,Kakao,60,꼬알라파이은평점,서울 은평구 은평로 204 1층 (응암동),서울 은평구,4.5,24.0,.,2023.07.28.,세상에 호주사람들만 이 맛있는 걸 먹었다니 배신자들이다 모든 파이가 맛나당!!!,NaN
629,Kakao,60,꼬알라파이은평점,서울 은평구 은평로 204 1층 (응암동),서울 은평구,4.5,24.0,윤태상,2023.06.28.,일요일에 등산 갈때 부인과 같이 먹으려고 꼭 준비해갑니다. 든든하고. 맛또한 일품입니다!,NaN
630,Kakao,60,꼬알라파이은평점,서울 은평구 은평로 204 1층 (응암동),서울 은평구,4.5,24.0,옴뇸뇸,2023.06.11.,와..파이지 장난없네요. 수십겹의 크로와상상 크리스피랑 쫄깃 버터리한 속살빵이 장난아닙니다. 그냥 크림이나 견과류만 넣어도 충분히 맛잇을거같아요. 여기에 폴드포크 잡내 1도 없이 맛잇게 버무려 넣으니까. 맛이 없을수없어요. 번창하세요!!,NaN
631,Kakao,60,꼬알라파이은평점,서울 은평구 은평로 204 1층 (응암동),서울 은평구,4.5,24.0,맛집 탐방러,2023.05.27.,폴드포크파이가 젤 맛있었어요,NaN
632,Kakao,60,꼬알라파이은평점,서울 은평구 은평로 204 1층 (응암동),서울 은평구,4.5,24.0,눈의띠네,2023.02.24.,"풀드포크는 맛있지만 다른 메뉴는 평범하거나 좀 아쉬웠습니다
전체적으로 속이 좀 더 꽉 차있으면 좋겠어요ㅠ",NaN
633,Kakao,60,꼬알라파이은평점,서울 은평구 은평로 204 1층 (응암동),서울 은평구,4.5,24.0,나다,2023.01.29.,"커피도, 파이도 맛있고 친절하셨어요!!

동네에 이런곳이 생기다니ㅜㅡㅜ

오래 영업해주세요~~",NaN
634,Kakao,60,꼬알라파이은평점,서울 은평구 은평로 204 1층 (응암동),서울 은평구,4.5,24.0,물,2023.01.13.,불친절하지도 않지만 하나도 안친절함,NaN
635,Kakao,60,꼬알라파이은평점,서울 은평구 은평로 204 1층 (응암동),서울 은평구,4.5,24.0,맛있는게좋아,2022.11.22.,"맛있어요!
머쉬룸 미트 풀드포크 콘 네가지 포장했는데
제 입엔 미트 풀드포크=머쉬룸 콘 순으로 맛있네요!
전반적으로 서양식 폭풍칼로리가 몰아치는 맛을 잘 재현했는데
안에 들어가는 재료 맛이 좋아서 패스츄리가 조금 더 담백해도 재료 맛이 살아날 거 같습니다",NaN
636,Kakao,60,꼬알라파이은평점,서울 은평구 은평로 204 1층 (응암동),서울 은평구,4.5,24.0,vino9689,2022.10.10.,"크기는 던킨만함.
페스츄리빵안에 풀드포크가 들어있는 모양.
간이 좀 쎄다.
개당5900원인데 조금 비싼느낌.",NaN
637,Kakao,60,꼬알라파이은평점,서울 은평구 은평로 204 1층 (응암동),서울 은평구,4.5,24.0,꾸,2022.09.11.,"맛있는데요, 동네와 사이즈를 감안하면 가격이 조금 비싸게 느껴집니다.
파이 하나에 5000원 이하면 더 자주 찾을 것 같아요.
젊은 부부가 운영하시는 것 같아서 응원합니다.
머슈룸 맛있는데 큰 개성은 없고, 풀드포크는 너무 맛이
강해서 이 두개를 한입씩 교차로 먹으면 조화가 좋아요 ㅎㅎ
다음에는 미트를 먹어봐야겠어요!",NaN
638,Kakao,60,꼬알라파이은평점,서울 은평구 은평로 204 1층 (응암동),서울 은평구,4.5,24.0,avo🥑cado🥑,2022.09.07.,정보없음,NaN
639,Kakao,60,꼬알라파이은평점,서울 은평구 은평로 204 1층 (응암동),서울 은평구,4.5,24.0,냠냠,2022.09.02.,맛있어요!!! 오늘 또 먹을 거임,NaN
640,Kakao,60,꼬알라파이은평점,서울 은평구 은평로 204 1층 (응암동),서울 은평구,4.5,24.0,ㅡ.ㅡ,2022.08.19.,맛잇어용 ㅋㅋ !,NaN
641,Kakao,60,꼬알라파이은평점,서울 은평구 은평로 204 1층 (응암동),서울 은평구,4.5,24.0,규,2022.08.15.,정보없음,NaN
642,Kakao,60,꼬알라파이은평점,서울 은평구 은평로 204 1층 (응암동),서울 은평구,4.5,24.0,키키,2022.08.13.,정보없음,NaN
643,Kakao,60,꼬알라파이은평점,서울 은평구 은평로 204 1층 (응암동),서울 은평구,4.5,24.0,홍홍,2022.08.12.,아 먹고싶다..미트파이 폴드포크파이...라떼랑 같이 포장해서 딱 이 시간에 먹고싶다..제발 오래오래 장사해주세요..,NaN
644,Kakao,60,꼬알라파이은평점,서울 은평구 은평로 204 1층 (응암동),서울 은평구,4.5,24.0,김정원,2022.08.07.,호기심에 먹었는데 넘 맛있어서 놀랐어요... 제발제발 오래갔으면 ㅠㅠㅠ 제가 많이 사먹을게요,NaN
645,Kakao,61,쿠스꾸양과자점,서울 은평구 진흥로7길 26 1층 (역촌동),서울 은평구,5.0,7.0,jjkkl0090,2024.02.18.,맛도 친절도 최고,NaN
646,Kakao,61,쿠스꾸양과자점,서울 은평구 진흥로7길 26 1층 (역촌동),서울 은평구,5.0,7.0,타래,2023.11.04.,바나나푸딩 맛있어요,NaN
647,Kakao,61,쿠스꾸양과자점,서울 은평구 진흥로7길 26 1층 (역촌동),서울 은평구,5.0,7.0,라모맘,2023.09.12.,너무 맛있어서 두번째 주문함.. 케이크 어나더레벨이고 복숭아 케이크 주문했는데 그날 아침 복숭아가 신선하지 않으시다구 후르츠케이크로 바꿔주시고 환불해주셨어요! 그리고 후루츠 먹었는데 존맛... 요번엔 무화과 타르트 주문했습니다 생일인 친구도 레터링ㅋㅋㅋ같은 것보다 너무 좋대요 🩷,NaN
648,Kakao,61,쿠스꾸양과자점,서울 은평구 진흥로7길 26 1층 (역촌동),서울 은평구,5.0,7.0,뇸뇸,2023.08.08.,"만약 케이크만 먹어본 분이시라면 푸딩이랑 쿠키도 꼭 먹어보세요. 고소한 우유맛 푸딩이랑 은은하게 단 쿠키가 일품입니당
번창하셨으면 좋겠어요!!
(사진은 이미 먹어서 못 올렸습니다 ㅎㅎ;;)
비주얼도 긋긋",NaN
649,Kakao,61,쿠스꾸양과자점,서울 은평구 진흥로7길 26 1층 (역촌동),서울 은평구,5.0,7.0,방토,2023.07.11.,완전 맛있어요 진자맛잇어,NaN
650,Kakao,61,쿠스꾸양과자점,서울 은평구 진흥로7길 26 1층 (역촌동),서울 은평구,5.0,7.0,사람,2023.03.25.,완전 맛있어요ㅜㅜㅜㅜ 그날 바로 만들어주셔서 신선해요케이크,NaN
651,Kakao,61,쿠스꾸양과자점,서울 은평구 진흥로7길 26 1층 (역촌동),서울 은평구,5.0,7.0,김혜민,2023.03.20.,존맛 이동네 원탑,NaN
652,Kakao,62,오파티세리,서울 은평구 연서로 120-1 1층 (역촌동),서울 은평구,4.4,9.0,지승림,2023.10.12.,"치즈케이크 꾸덕 촉촉 꼬순맛 최고,,,🥰
앙버터 크로와상 바삭 풍미 미침👍",NaN
653,Kakao,62,오파티세리,서울 은평구 연서로 120-1 1층 (역촌동),서울 은평구,4.4,9.0,justhis,2023.05.30.,운영시간 업데이트좀 하세요..,NaN
654,Kakao,62,오파티세리,서울 은평구 연서로 120-1 1층 (역촌동),서울 은평구,4.4,9.0,바라던대로,2023.04.11.,이집 커피 진심입니다 퀄리티 생각하면 커피가 싸다는 생각이 드네요,NaN
655,Kakao,62,오파티세리,서울 은평구 연서로 120-1 1층 (역촌동),서울 은평구,4.4,9.0,리백,2023.04.10.,"바스크치즈케이크 진짜 맛있어요
커피도 맛있는데 가격도 착하구요
치주케익 한 입.. 유리컵 한가아득 내린 커커컵피 한 잔 아이스루할래아주여유롲게~~~.~.~.~",NaN
656,Kakao,62,오파티세리,서울 은평구 연서로 120-1 1층 (역촌동),서울 은평구,4.4,9.0,aa,2023.03.26.,"크루아상 너무너무 맛있어요👍👍👍슈크림크루아상 크림 많이 달지도않고 크림 바로넣어주셔서 바삭바삭하고 너무 맛있어요
크림들어간 크루아상 유명한곳 가도 눅눅하고 크림느끼해서 그냥 그랬는데 여기껀 진짜 맛있어요",NaN
657,Kakao,62,오파티세리,서울 은평구 연서로 120-1 1층 (역촌동),서울 은평구,4.4,9.0,ㄱㅇㅅ,2023.02.06.,아이스크림 올려 먹으려고 기본크루아상 하나 사봤는데 진짜 맛있었습니다. 겉은 바삭하고 속은 촉촉하고 만족도 최상이에요,NaN
658,Kakao,62,오파티세리,서울 은평구 연서로 120-1 1층 (역촌동),서울 은평구,4.4,9.0,주관적평가단,2023.01.04.,"남자 사장님 혼자 운영하시는 느낌??
빵이 맛있어요~~~!!",NaN
659,Kakao,62,오파티세리,서울 은평구 연서로 120-1 1층 (역촌동),서울 은평구,4.4,9.0,eung응,2022.12.10.,남자 사장님? 께서 크로아상 갓나온 걸로 친절하게 바꿔 넣어주셔서 기분 좋게 빵 사와서 먹었습니다 ㅎㅎ 맛있어요!,NaN
660,Kakao,62,오파티세리,서울 은평구 연서로 120-1 1층 (역촌동),서울 은평구,4.4,9.0,강 보림,2022.07.09.,치즈케이크가 진짜 찐하고 마싯어요ㅜ정말 인생 치즈케이크에요ㅜㅜ 크루아상도 먹었는데 진짜 겁나 마싯어요 가게 내부도 진짜 깔끔하고 사장님이 친절하셔서 자주 올꺼 같아요,NaN
664,Kakao,64,베이커킴스,서울 은평구 갈현로29길 9 (갈현동),서울 은평구,4.1,14.0,맛없으면리뷰도없음,2024.02.10.,물론 음식은 취향에 맞는게 중요하지만 여기가 맛이 없다고 할 빵집이 아님. 그렇다고 모든 빵이 맛있다라고 할수도 없지만 이 동네에서 이만한 빵집은 없음,NaN
665,Kakao,64,베이커킴스,서울 은평구 갈현로29길 9 (갈현동),서울 은평구,4.1,14.0,그녀,2024.01.26.,"아래분 이야기에 너무 공감해서 씁니다 연신내 일대에서 여기랑 화선 투탑 진짜 인정이요... 하지만 화선이 없어져서 너무 슬프네요. 
킴스 위치가 많이 구석에 있다보니. 저녁에 늦게 가서 빵이 별로 안 남아 있을 때나 원하는 게 없어서 다른 걸 사도, 모든 빵이 맛있었어요! 여긴 없어지지 않길..ㅠ",NaN
666,Kakao,64,베이커킴스,서울 은평구 갈현로29길 9 (갈현동),서울 은평구,4.1,14.0,단백질,2023.06.08.,"내 픽 : 소금빵
(다른 빵들도 다 맛있어 감동받음, 단점으로는 동네빵집이어서 그런지 갔을 때 예상치 못하게 닫혀있을 때가 있음)",NaN
667,Kakao,64,베이커킴스,서울 은평구 갈현로29길 9 (갈현동),서울 은평구,4.1,14.0,징어징어,2022.10.23.,아침에 밥 못먹고 나갈때 항상 햄치즈롤이나 모닝빵 사먹곤 했는데 빵 매일 새로굽고 진짜 맛있어요,NaN
668,Kakao,64,베이커킴스,서울 은평구 갈현로29길 9 (갈현동),서울 은평구,4.1,14.0,암냠냠,2022.05.30.,후기보다 좀 의아해서 적습니다. 주식이 빵인 사람으로서 연신내에서 화선베이커랑 여기가 빵의 질이나 맛으로 투탑 입니다. 특히 소금빵이랑 슈크림빵 드셔보세여!! 케이크는 1994 그외는 다 별루,NaN
669,Kakao,64,베이커킴스,서울 은평구 갈현로29길 9 (갈현동),서울 은평구,4.1,14.0,현,2022.03.21.,"빵속에 머리카락이 박혀있네요
위생 저세상..
우웩",NaN
670,Kakao,64,베이커킴스,서울 은평구 갈현로29길 9 (갈현동),서울 은평구,4.1,14.0,서울시청,2021.12.08.,다른 평범한 개인 베이커리와 비슷합니다. 가격은 지하철 역에서 상당한 거리인 윗동네 언덕 초입에 위치한 부분을 감안하면 비싼 편입니다.,NaN
671,Kakao,64,베이커킴스,서울 은평구 갈현로29길 9 (갈현동),서울 은평구,4.1,14.0,호디에,2021.11.20.,"치아바타, 깜빠뉴 등 제가 좋아하는 건강빵이 특히 맛있어요. 회사 동료들도 맛있다고 하고, 프랜차이즈 브랜드 빵과는 비교가 안 되는 맛!",NaN
672,Kakao,64,베이커킴스,서울 은평구 갈현로29길 9 (갈현동),서울 은평구,4.1,14.0,Joegh,2021.10.06.,맛이든 가격대든 메뉴 구성이든 모든게 어중간..,NaN
673,Kakao,64,베이커킴스,서울 은평구 갈현로29길 9 (갈현동),서울 은평구,4.1,14.0,ㅇ,2021.06.22.,소금빵을 시오빵이라고 파는 곳,NaN
674,Kakao,64,베이커킴스,서울 은평구 갈현로29길 9 (갈현동),서울 은평구,4.1,14.0,소럽,2021.04.20.,"샌드위치,양파베이글 맛집!",NaN
675,Kakao,64,베이커킴스,서울 은평구 갈현로29길 9 (갈현동),서울 은평구,4.1,14.0,깜찍잉,2021.01.02.,"빵들이 어쩜 하나 하나 다 맛있는지,, 또 사러가는 중..",NaN
676,Kakao,64,베이커킴스,서울 은평구 갈현로29길 9 (갈현동),서울 은평구,4.1,14.0,선샤인,2020.11.13.,진짜 전부 다 맛있네요. 동네 맛집찾아서 기부니 좋습니당ㅎㅎ,NaN
677,Kakao,64,베이커킴스,서울 은평구 갈현로29길 9 (갈현동),서울 은평구,4.1,14.0,D,2018.09.16.,"여기 슈가 특히 맛있음. 가성비최고
나머지는 조금 비쌈",NaN
678,Kakao,65,민정씨네케이크,서울 은평구 증산로21길 16 (신사동),서울 은평구,5.0,1.0,SA,2022.11.21.,케이크가 너무 이뻐요,NaN
679,Kakao,66,프랑세즈,서울 은평구 불광로 50 1층 (불광동),서울 은평구,4.9,13.0,14oz,2024.01.07.,일요일엔 닫나봐요. 간판도 회색이라 길걷다 그냥 지나쳐서 다른 분들 참고되시라고 올려봅니다. 정관장 바로 옆이에요. 별점은 재방문 후 맛있으면 5점으로 수정하겠습니다..,NaN
680,Kakao,66,프랑세즈,서울 은평구 불광로 50 1층 (불광동),서울 은평구,4.9,13.0,춘식이,2023.07.02.,"전 프친놈입니다..
제가 이 궁둥이빵을 3주간 몇개를 드샸는지.
아시나요....
불광역의 축복입니다
사장님 번창하새용...",NaN
681,Kakao,66,프랑세즈,서울 은평구 불광로 50 1층 (불광동),서울 은평구,4.9,13.0,kim...@outl...,2023.05.06.,"매장도 깨끗하고 빵과 케이크도 맛있습니다. 
재료가 좋은 것 같고 친절하셔서 자주 방문하게 되네요. 
오래오래 계셨으면 좋겠습니다.",NaN
682,Kakao,66,프랑세즈,서울 은평구 불광로 50 1층 (불광동),서울 은평구,4.9,13.0,맛난집만,2023.04.03.,이쪽 거리에 빵집많은데 제일 맛있어요. 담백하고 쫀득하고....,NaN
683,Kakao,66,프랑세즈,서울 은평구 불광로 50 1층 (불광동),서울 은평구,4.9,13.0,독바위맛쟁이,2022.12.07.,"최애 빵집이예요.
여자 사장님 친절하시고 빵은 무엇을 먹든 만족스러워요.
특히, 치아바타, 바게트, 크로와상, 소금빵, 생크림 케이크 추천합니다. (사실 다 맛있어요)
여름에 프랑스 한달 살면서 맛있다는 빵집 많이 다녀왔는데, 파리에서 장사하셔도 잘 될 맛입니다~",NaN
684,Kakao,66,프랑세즈,서울 은평구 불광로 50 1층 (불광동),서울 은평구,4.9,13.0,펭귄,2022.09.12.,"크림치즈바게트, 엘리게이터, 카스테라, 식빵러스크 다 넘 맛나요!",NaN
685,Kakao,66,프랑세즈,서울 은평구 불광로 50 1층 (불광동),서울 은평구,4.9,13.0,내돈내산.,2022.06.21.,케익 원픽! 다른집(역촌동케익유명)갔다가 다시 여기서만 먹음.,NaN
686,Kakao,66,프랑세즈,서울 은평구 불광로 50 1층 (불광동),서울 은평구,4.9,13.0,天命,2022.06.13.,정보없음,NaN
687,Kakao,66,프랑세즈,서울 은평구 불광로 50 1층 (불광동),서울 은평구,4.9,13.0,aa,2022.04.19.,친절하시고 맛있어요 흔한 동네빵집스러운 맛 아니고 진짜 맛있음!,NaN
688,Kakao,66,프랑세즈,서울 은평구 불광로 50 1층 (불광동),서울 은평구,4.9,13.0,HMM대주주,2022.01.07.,서비스좋아요,NaN
689,Kakao,66,프랑세즈,서울 은평구 불광로 50 1층 (불광동),서울 은평구,4.9,13.0,냠냠,2021.12.29.,정보없음,NaN
690,Kakao,66,프랑세즈,서울 은평구 불광로 50 1층 (불광동),서울 은평구,4.9,13.0,pong,2021.01.03.,뜻밖에 발견한 맛집이에요,NaN
691,Kakao,66,프랑세즈,서울 은평구 불광로 50 1층 (불광동),서울 은평구,4.9,13.0,정보 없음,2019.06.09.,빵이 맛있어요,NaN
701,Kakao,69,노릇노릇,서울 은평구 백련산로 38 백련산힐스테이트2차 상가 207동 (응암동),서울 은평구,5.0,2.0,뜌,2023.06.18.,"넘넘 귀여운 디저트카페!
에그타르트 너무 맛있어용 😍❤️",NaN
702,Kakao,69,노릇노릇,서울 은평구 백련산로 38 백련산힐스테이트2차 상가 207동 (응암동),서울 은평구,5.0,2.0,.,2023.02.09.,"오픈하신지 얼마 안됐을 때 방문했었는데 가게가 작지만 귀엽고 아늑했어요 대신 내부에서 먹기는 힘들 것 같았어요 
에그타르트가 진짜진짜 맛있습니다👍",NaN
713,Kakao,73,플라워팟,서울 은평구 증산로15가길 10-1 1층 (신사동),서울 은평구,5.0,2.0,찌니,2020.09.10.,너무 친절하셔서 재방문했어요!!사장언니가 너무 잘해주셧어요 떡케이크랑 꽃다발 주문재작했습니다 엄마가너무좋아하셧어요!!!사장언니 담에는 원데이 클레스들으러갈세요~~,NaN
714,Kakao,73,플라워팟,서울 은평구 증산로15가길 10-1 1층 (신사동),서울 은평구,5.0,2.0,강지웅,2020.06.28.,정보없음,NaN
