,Platform,Number,Store,Address,Review_score,Review_counts,ID,Date,Review_text,Time
0,naver,1,고려당,서울 중구 남대문로7길 11-6, 4.28, 23,코난6,22.4.24.일,고려당을 오랜만에 봐서 반가웠어요,2024-04-08 - 00:45:33
1,naver,1,고려당,서울 중구 남대문로7길 11-6, 4.28, 23,Lemonadee,21.11.13.토,양파치즈빵 : 짭짤하고 빵이 포슬포슬해서 간단히 간식으로 먹기 좋아요.,2024-04-08 - 00:45:33
2,naver,1,고려당,서울 중구 남대문로7길 11-6, 4.28, 23,wp,21.10.14.목,고려당 찾고 찾다가 여기까지 왔음 옥수수 스콘 맛있음,2024-04-08 - 00:45:33
3,naver,1,고려당,서울 중구 남대문로7길 11-6, 4.28, 23,jiw****,21.10.28.목,맛있다,2024-04-08 - 00:45:33
4,naver,2,떡빵앗간,"서울 중구 청계천로 318 다동, 1층 54,55호", 4.38, 213,dj****,3.16.토,커피 맛있어요 원두가 고소하니 맛있습니다,2024-04-08 - 00:46:26
5,naver,2,떡빵앗간,"서울 중구 청계천로 318 다동, 1층 54,55호", 4.38, 213,sby****,3.15.금,,2024-04-08 - 00:46:26
6,naver,2,떡빵앗간,"서울 중구 청계천로 318 다동, 1층 54,55호", 4.38, 213,써니719,1.2.화,빵 사러갔는데 여기 장사 잘되네요,2024-04-08 - 00:46:26
7,naver,2,떡빵앗간,"서울 중구 청계천로 318 다동, 1층 54,55호", 4.38, 213,우노하나,3.18.월,카야소금빵 맛있음,2024-04-08 - 00:46:26
8,naver,2,떡빵앗간,"서울 중구 청계천로 318 다동, 1층 54,55호", 4.38, 213,김선아3790,3.1.금,좋아요,2024-04-08 - 00:46:26
9,naver,2,떡빵앗간,"서울 중구 청계천로 318 다동, 1층 54,55호", 4.38, 213,body93,1.19.금,좋아요,2024-04-08 - 00:46:26
10,naver,2,떡빵앗간,"서울 중구 청계천로 318 다동, 1층 54,55호", 4.38, 213,wisejh75,23.10.12.목,직원분이 불친절해서 쪼금 기분이 별로였어요~!,2024-04-08 - 00:46:26
11,naver,2,떡빵앗간,"서울 중구 청계천로 318 다동, 1층 54,55호", 4.38, 213,hassustar,1.11.목,가츠가 너무 저렴한 맛이었어요~^^;;,2024-04-08 - 00:46:26
12,naver,2,떡빵앗간,"서울 중구 청계천로 318 다동, 1층 54,55호", 4.38, 213,김선아3790,23.12.20.수,좋아요,2024-04-08 - 00:46:26
13,naver,2,떡빵앗간,"서울 중구 청계천로 318 다동, 1층 54,55호", 4.38, 213,루시퍼엘75,23.8.2.수,가끔씩 생각나면 가는 떡빵앗간 빵맛이 좋아요^^,2024-04-08 - 00:46:26
14,naver,2,떡빵앗간,"서울 중구 청계천로 318 다동, 1층 54,55호", 4.38, 213,나는밍밍쓰,23.7.27.목,샌드위치 존맛입니다,2024-04-08 - 00:46:26
15,naver,2,떡빵앗간,"서울 중구 청계천로 318 다동, 1층 54,55호", 4.38, 213,CMSUN,23.6.6.화,간단하게. 요기를~~,2024-04-08 - 00:46:26
16,naver,2,떡빵앗간,"서울 중구 청계천로 318 다동, 1층 54,55호", 4.38, 213,mac****,23.5.23.화,"동대문갈마다 이곳 빵 항상 사옵니다 
맛도좋고 가성비도 짱이에요^^~~",2024-04-08 - 00:46:26
17,naver,2,떡빵앗간,"서울 중구 청계천로 318 다동, 1층 54,55호", 4.38, 213,나는밍밍쓰,23.5.17.수,소금빵샌드위치 존맛,2024-04-08 - 00:46:27
18,naver,2,떡빵앗간,"서울 중구 청계천로 318 다동, 1층 54,55호", 4.38, 213,아가용가리치킨너겟,23.6.20.화,,2024-04-08 - 00:46:27
19,naver,2,떡빵앗간,"서울 중구 청계천로 318 다동, 1층 54,55호", 4.38, 213,jyy****,23.5.2.화,가성비가 좋아요,2024-04-08 - 00:46:27
20,naver,2,떡빵앗간,"서울 중구 청계천로 318 다동, 1층 54,55호", 4.38, 213,나는밍밍쓰,23.3.30.목,소금빵샌드위치 맛있어요!,2024-04-08 - 00:46:27
21,naver,2,떡빵앗간,"서울 중구 청계천로 318 다동, 1층 54,55호", 4.38, 213,낭만사랑,23.3.27.월,커피랑 에이드 잘 마셨어요,2024-04-08 - 00:46:27
22,naver,2,떡빵앗간,"서울 중구 청계천로 318 다동, 1층 54,55호", 4.38, 213,matt1008,23.5.25.목,빵이 맛있어요,2024-04-08 - 00:46:27
23,naver,2,떡빵앗간,"서울 중구 청계천로 318 다동, 1층 54,55호", 4.38, 213,현우석맘,22.12.14.수,"동평화시장건물 맨끝자락(신평화시장 방면) 1층에 위치한 조그만 빵집!
테이크아웃만 가능한 곳이지만 빵 맛이 좋습니다",2024-04-08 - 00:46:27
24,naver,2,떡빵앗간,"서울 중구 청계천로 318 다동, 1층 54,55호", 4.38, 213,루시퍼엘75,23.5.17.수,맛나요,2024-04-08 - 00:46:27
25,naver,2,떡빵앗간,"서울 중구 청계천로 318 다동, 1층 54,55호", 4.38, 213,포촌쿠키,23.5.13.토,맛있어요,2024-04-08 - 00:46:27
26,naver,2,떡빵앗간,"서울 중구 청계천로 318 다동, 1층 54,55호", 4.38, 213,혀나킴,23.2.20.월,"조그만한 테이크아웃 전문 베이커리 카페인데요
진짜 너어무 맛있어요 
요즘 단골",2024-04-08 - 00:46:27
27,naver,2,떡빵앗간,"서울 중구 청계천로 318 다동, 1층 54,55호", 4.38, 213,Neuru12,23.6.9.금,맛있어요,2024-04-08 - 00:46:27
28,naver,2,떡빵앗간,"서울 중구 청계천로 318 다동, 1층 54,55호", 4.38, 213,reina90,23.4.27.목,굿,2024-04-08 - 00:46:27
29,naver,2,떡빵앗간,"서울 중구 청계천로 318 다동, 1층 54,55호", 4.38, 213,tjs****,23.1.31.화,"사장님 저여기 사입나올때마다 꼭들리는데 명란바게
트 제발 부활 시켜주시면 안될까여ㅠㅠㅠ 진짜 인생 
빵 ㅠㅠㅠㅠ 명란바게트 지발유 ㅠㅠㅠㅠ",2024-04-08 - 00:46:27
30,naver,2,떡빵앗간,"서울 중구 청계천로 318 다동, 1층 54,55호", 4.38, 213,qa****,23.4.21.금,맛있었어요!!! ㅎㅎ,2024-04-08 - 00:46:27
31,naver,2,떡빵앗간,"서울 중구 청계천로 318 다동, 1층 54,55호", 4.38, 213,lucky,23.6.5.월,빵 가격도 저렴한데 빵맛도 맛있어요~,2024-04-08 - 00:46:27
32,naver,2,떡빵앗간,"서울 중구 청계천로 318 다동, 1층 54,55호", 4.38, 213,커믈리진,23.4.17.월,빵 맛있어요,2024-04-08 - 00:46:27
33,naver,2,떡빵앗간,"서울 중구 청계천로 318 다동, 1층 54,55호", 4.38, 213,kkk****,23.2.6.월,좁은 테이크아웃 전문점. 가성비도 그닥..,2024-04-08 - 00:46:27
34,naver,2,떡빵앗간,"서울 중구 청계천로 318 다동, 1층 54,55호", 4.38, 213,루시퍼엘75,23.3.18.토,빵이 맛나요,2024-04-08 - 00:46:27
35,naver,2,떡빵앗간,"서울 중구 청계천로 318 다동, 1층 54,55호", 4.38, 213,jyl****,23.4.5.수,굿,2024-04-08 - 00:46:27
36,naver,2,떡빵앗간,"서울 중구 청계천로 318 다동, 1층 54,55호", 4.38, 213,커믈리진,23.2.22.수,맛있어요,2024-04-08 - 00:46:28
37,naver,2,떡빵앗간,"서울 중구 청계천로 318 다동, 1층 54,55호", 4.38, 213,커믈리진,23.2.21.화,굿,2024-04-08 - 00:46:28
38,naver,2,떡빵앗간,"서울 중구 청계천로 318 다동, 1층 54,55호", 4.38, 213,min****,23.1.12.목,맛은 그럭저럭이에요,2024-04-08 - 00:46:28
39,naver,2,떡빵앗간,"서울 중구 청계천로 318 다동, 1층 54,55호", 4.38, 213,h21****,23.4.26.수,좋아요,2024-04-08 - 00:46:28
40,naver,2,떡빵앗간,"서울 중구 청계천로 318 다동, 1층 54,55호", 4.38, 213,루시퍼엘75,23.1.11.수,빵 맛집,2024-04-08 - 00:46:28
41,naver,2,떡빵앗간,"서울 중구 청계천로 318 다동, 1층 54,55호", 4.38, 213,포촌쿠키,23.1.28.토,좋아요,2024-04-08 - 00:46:28
42,naver,2,떡빵앗간,"서울 중구 청계천로 318 다동, 1층 54,55호", 4.38, 213,봉금이61,23.2.8.수,떡 맛나여,2024-04-08 - 00:46:28
43,naver,2,떡빵앗간,"서울 중구 청계천로 318 다동, 1층 54,55호", 4.38, 213,루시퍼엘75,22.12.29.목,맛이 굳!굳!GOOD!!!,2024-04-08 - 00:46:28
44,naver,2,떡빵앗간,"서울 중구 청계천로 318 다동, 1층 54,55호", 4.38, 213,쮸쮸A,23.4.17.월,괜찮아요,2024-04-08 - 00:46:28
45,naver,2,떡빵앗간,"서울 중구 청계천로 318 다동, 1층 54,55호", 4.38, 213,kym****,22.12.23.금,맛있고 저렴해요,2024-04-08 - 00:46:28
46,naver,2,떡빵앗간,"서울 중구 청계천로 318 다동, 1층 54,55호", 4.38, 213,박승희7,22.12.21.수,"맛난 집..
빵도 커피도",2024-04-08 - 00:46:28
47,naver,2,떡빵앗간,"서울 중구 청계천로 318 다동, 1층 54,55호", 4.38, 213,havea2heart,23.3.14.화,좋아요,2024-04-08 - 00:46:28
48,naver,2,떡빵앗간,"서울 중구 청계천로 318 다동, 1층 54,55호", 4.38, 213,body93,22.11.10.목,좋아요,2024-04-08 - 00:46:28
49,naver,2,떡빵앗간,"서울 중구 청계천로 318 다동, 1층 54,55호", 4.38, 213,TIES,22.10.5.수,빵이 맛있는집~~쵝오네^^,2024-04-08 - 00:46:28
50,naver,2,떡빵앗간,"서울 중구 청계천로 318 다동, 1층 54,55호", 4.38, 213,픽앤롤,22.9.13.화,맛있네요 옴뇸뇸,2024-04-08 - 00:46:28
51,naver,2,떡빵앗간,"서울 중구 청계천로 318 다동, 1층 54,55호", 4.38, 213,sin****,22.7.12.화,"베이글이 저럼하고~맛있었어요^^
또 먹고 싶네요^^",2024-04-08 - 00:46:28
52,naver,2,떡빵앗간,"서울 중구 청계천로 318 다동, 1층 54,55호", 4.38, 213,김푸풋,22.4.27.수,얼마전 지인이 빨미까레??를 사다줬는데 너~~~무 맛있어서 어디서 샀냐고 물어봐두었다 오늘 사왔어요 그때 하나 순삭했는데 이거 나눠서 절대 못먹을듯해요 싸움남!! 인당 1개씩은 먹어야해요 여기저기 유명한 빨미까레들 맛본중 비교도 안되게 여기가 젤 맛있어요 진한 버터향과 초코렛도 맛이 참 진해요 꼬숩고 달콤하고~스트레스 해소제👍에요 가격은 또 다른곳보다 왜케 착한지~여기 빵들이 전체적으로 다른곳 보다 저렴해요~빨미까레 👉no.1맛집👈,2024-04-08 - 00:46:28
53,naver,2,떡빵앗간,"서울 중구 청계천로 318 다동, 1층 54,55호", 4.38, 213,지니8522,22.11.2.수,굿,2024-04-08 - 00:46:28
54,naver,2,떡빵앗간,"서울 중구 청계천로 318 다동, 1층 54,55호", 4.38, 213,mis****,22.9.13.화,불친절하네요 퉁퉁거리고 짜증나요,2024-04-08 - 00:46:28
55,naver,2,떡빵앗간,"서울 중구 청계천로 318 다동, 1층 54,55호", 4.38, 213,하늘나무22,22.9.21.수,소금빵 아주 맛있어요,2024-04-08 - 00:46:28
56,naver,2,떡빵앗간,"서울 중구 청계천로 318 다동, 1층 54,55호", 4.38, 213,70c****,22.11.5.토,ㅇㅇ,2024-04-08 - 00:46:29
57,naver,2,떡빵앗간,"서울 중구 청계천로 318 다동, 1층 54,55호", 4.38, 213,luck7782,22.8.20.토,아메리카노 맛있어요,2024-04-08 - 00:46:29
58,naver,2,떡빵앗간,"서울 중구 청계천로 318 다동, 1층 54,55호", 4.38, 213,김윤정624,22.11.3.목,굿,2024-04-08 - 00:46:29
59,naver,2,떡빵앗간,"서울 중구 청계천로 318 다동, 1층 54,55호", 4.38, 213,matt1008,22.10.28.금,굿,2024-04-08 - 00:46:29
60,naver,2,떡빵앗간,"서울 중구 청계천로 318 다동, 1층 54,55호", 4.38, 213,ㅇㄱㄱㅈㅅㅂㄴ,22.6.9.목,어쩔수 없이 지인분 간식거리 사다드리려고 두번째 들렸는데... 역시나 진짜 불친절 하시네요. 아무리 뜨 내기 손님들 상대로 장사하는거고 바쁜건 이...,2024-04-08 - 00:46:29
61,naver,2,떡빵앗간,"서울 중구 청계천로 318 다동, 1층 54,55호", 4.38, 213,토리토리999,22.6.9.목,"이 주변 빵 구입할데가 없어서 첫 방문했는데 너어무 
불친절하고 잘못한거 없이 혼난기분이네요 참내 맛
이있다면 모를까 그렇지도 않아 다신 방문하고...",2024-04-08 - 00:46:29
62,naver,2,떡빵앗간,"서울 중구 청계천로 318 다동, 1층 54,55호", 4.38, 213,iam****,22.12.13.화,좋아요,2024-04-08 - 00:46:29
63,naver,2,떡빵앗간,"서울 중구 청계천로 318 다동, 1층 54,55호", 4.38, 213,TIES,22.9.7.수,맛있어여~~,2024-04-08 - 00:46:29
64,naver,2,떡빵앗간,"서울 중구 청계천로 318 다동, 1층 54,55호", 4.38, 213,최사해,22.8.4.목,굿,2024-04-08 - 00:46:29
65,naver,2,떡빵앗간,"서울 중구 청계천로 318 다동, 1층 54,55호", 4.38, 213,ym****,22.8.31.수,애그.타르.맛있어요,2024-04-08 - 00:46:29
66,naver,2,떡빵앗간,"서울 중구 청계천로 318 다동, 1층 54,55호", 4.38, 213,kim****,22.11.22.화,맛있어요,2024-04-08 - 00:46:29
67,naver,2,떡빵앗간,"서울 중구 청계천로 318 다동, 1층 54,55호", 4.38, 213,꼬깔콘69,22.8.26.금,베이글 굿굿,2024-04-08 - 00:46:29
68,naver,2,떡빵앗간,"서울 중구 청계천로 318 다동, 1층 54,55호", 4.38, 213,게으름뱅e,23.2.10.금,맛있네요,2024-04-08 - 00:46:29
69,naver,2,떡빵앗간,"서울 중구 청계천로 318 다동, 1층 54,55호", 4.38, 213,성원사랑,22.7.1.금,2,2024-04-08 - 00:46:29
70,naver,2,떡빵앗간,"서울 중구 청계천로 318 다동, 1층 54,55호", 4.38, 213,ms51,22.7.25.월,굿,2024-04-08 - 00:46:29
71,naver,2,떡빵앗간,"서울 중구 청계천로 318 다동, 1층 54,55호", 4.38, 213,성원사랑,22.6.14.화,1,2024-04-08 - 00:46:29
72,naver,2,떡빵앗간,"서울 중구 청계천로 318 다동, 1층 54,55호", 4.38, 213,안국동아씨,22.7.11.월,Good,2024-04-08 - 00:46:29
73,naver,2,떡빵앗간,"서울 중구 청계천로 318 다동, 1층 54,55호", 4.38, 213,비온뒤 숲속엔,22.4.27.수,빵이 다 맛있어요~^^,2024-04-08 - 00:46:29
74,naver,2,떡빵앗간,"서울 중구 청계천로 318 다동, 1층 54,55호", 4.38, 213,TIES,22.6.22.수,좋아요,2024-04-08 - 00:46:29
75,naver,2,떡빵앗간,"서울 중구 청계천로 318 다동, 1층 54,55호", 4.38, 213,ms51,22.7.1.금,👍,2024-04-08 - 00:46:30
76,naver,2,떡빵앗간,"서울 중구 청계천로 318 다동, 1층 54,55호", 4.38, 213,woowv,22.8.26.금,좋음,2024-04-08 - 00:46:30
77,naver,2,떡빵앗간,"서울 중구 청계천로 318 다동, 1층 54,55호", 4.38, 213,Sol216,22.4.27.수,맛있어요,2024-04-08 - 00:46:30
78,naver,2,떡빵앗간,"서울 중구 청계천로 318 다동, 1층 54,55호", 4.38, 213,쩡미1731,22.5.12.목,맛있어요,2024-04-08 - 00:46:30
79,naver,2,떡빵앗간,"서울 중구 청계천로 318 다동, 1층 54,55호", 4.38, 213,body93,22.4.6.수,좋아요,2024-04-08 - 00:46:30
80,naver,2,떡빵앗간,"서울 중구 청계천로 318 다동, 1층 54,55호", 4.38, 213,minni3h,22.2.9.수,모카번 진짜 맛있어요~~,2024-04-08 - 00:46:30
81,naver,2,떡빵앗간,"서울 중구 청계천로 318 다동, 1층 54,55호", 4.38, 213,kik****,22.6.14.화,굿,2024-04-08 - 00:46:30
82,naver,2,떡빵앗간,"서울 중구 청계천로 318 다동, 1층 54,55호", 4.38, 213,qkrakdma123,22.3.22.화,빵 맛집,2024-04-08 - 00:46:30
83,naver,2,떡빵앗간,"서울 중구 청계천로 318 다동, 1층 54,55호", 4.38, 213,걸금,22.3.11.금,불친절해요,2024-04-08 - 00:46:30
84,naver,2,떡빵앗간,"서울 중구 청계천로 318 다동, 1층 54,55호", 4.38, 213,취리히,22.2.21.월,굿,2024-04-08 - 00:46:30
85,naver,2,떡빵앗간,"서울 중구 청계천로 318 다동, 1층 54,55호", 4.38, 213,awesomekiki,21.11.22.월,괜찮아요.. 빵 종류가 다양하진 않아요,2024-04-08 - 00:46:30
86,naver,2,떡빵앗간,"서울 중구 청계천로 318 다동, 1층 54,55호", 4.38, 213,agata1210,22.1.14.금,불친절,2024-04-08 - 00:46:30
87,naver,2,떡빵앗간,"서울 중구 청계천로 318 다동, 1층 54,55호", 4.38, 213,이응8312,22.4.27.수,맛있어요,2024-04-08 - 00:46:30
88,naver,2,떡빵앗간,"서울 중구 청계천로 318 다동, 1층 54,55호", 4.38, 213,ghd****,22.2.26.토,굿,2024-04-08 - 00:46:30
89,naver,2,떡빵앗간,"서울 중구 청계천로 318 다동, 1층 54,55호", 4.38, 213,성원사랑,22.1.22.토,1,2024-04-08 - 00:46:30
90,naver,2,떡빵앗간,"서울 중구 청계천로 318 다동, 1층 54,55호", 4.38, 213,js5191,22.4.20.수,조아요,2024-04-08 - 00:46:30
91,naver,2,떡빵앗간,"서울 중구 청계천로 318 다동, 1층 54,55호", 4.38, 213,주먹찐감자,21.9.25.토,빵맛있고 밤시장근처에 커피숍이 많이 없어서 자주가게되요,2024-04-08 - 00:46:30
92,naver,2,떡빵앗간,"서울 중구 청계천로 318 다동, 1층 54,55호", 4.38, 213,놀공먹공,21.12.4.토,좋아요,2024-04-08 - 00:46:30
93,naver,2,떡빵앗간,"서울 중구 청계천로 318 다동, 1층 54,55호", 4.38, 213,KSM1,21.12.2.목,맛있어요,2024-04-08 - 00:46:30
94,naver,2,떡빵앗간,"서울 중구 청계천로 318 다동, 1층 54,55호", 4.38, 213,TIES,21.12.16.목,좋아요,2024-04-08 - 00:46:31
95,naver,2,떡빵앗간,"서울 중구 청계천로 318 다동, 1층 54,55호", 4.38, 213,TIES,21.12.2.목,좋아요,2024-04-08 - 00:46:31
96,naver,2,떡빵앗간,"서울 중구 청계천로 318 다동, 1층 54,55호", 4.38, 213,앎95,21.11.11.목,좋아요,2024-04-08 - 00:46:31
97,naver,2,떡빵앗간,"서울 중구 청계천로 318 다동, 1층 54,55호", 4.38, 213,맛정복자,21.7.29.목,최애 빵집중하나 에그타르트 너무 맛잇어요,2024-04-08 - 00:46:31
98,naver,2,떡빵앗간,"서울 중구 청계천로 318 다동, 1층 54,55호", 4.38, 213,gina7850,21.11.10.수,굿,2024-04-08 - 00:46:31
99,naver,2,떡빵앗간,"서울 중구 청계천로 318 다동, 1층 54,55호", 4.38, 213,늄늄25,21.8.3.화,생크림크로와상,2024-04-08 - 00:46:31
100,naver,2,떡빵앗간,"서울 중구 청계천로 318 다동, 1층 54,55호", 4.38, 213,행복7418,21.8.20.금,베이글이 맛있어요,2024-04-08 - 00:46:31
101,naver,2,떡빵앗간,"서울 중구 청계천로 318 다동, 1층 54,55호", 4.38, 213,rnd****,21.10.29.금,👍,2024-04-08 - 00:46:31
102,naver,2,떡빵앗간,"서울 중구 청계천로 318 다동, 1층 54,55호", 4.38, 213,sja****,21.7.22.목,저번에 단팥방 맛있게 먹어서 이번엔 골고루 사먹어봤는데 전체적으로 다 맛있네요~,2024-04-08 - 00:46:31
103,naver,2,떡빵앗간,"서울 중구 청계천로 318 다동, 1층 54,55호", 4.38, 213,sja****,21.7.27.화,단팥방&찹쌀꽈배기 넘넘 맛있어요~^^,2024-04-08 - 00:46:31
104,naver,2,떡빵앗간,"서울 중구 청계천로 318 다동, 1층 54,55호", 4.38, 213,Camille56,21.9.25.토,너무 좋아요,2024-04-08 - 00:46:31
105,naver,2,떡빵앗간,"서울 중구 청계천로 318 다동, 1층 54,55호", 4.38, 213,토리사랑91,21.7.30.금,"또띠아 맛있어요
잘먹고갑니다.",2024-04-08 - 00:46:31
106,naver,2,떡빵앗간,"서울 중구 청계천로 318 다동, 1층 54,55호", 4.38, 213,magic614,22.2.19.토,맛있어요,2024-04-08 - 00:46:31
107,naver,2,떡빵앗간,"서울 중구 청계천로 318 다동, 1층 54,55호", 4.38, 213,한국중소기업지원센터,21.12.17.금,맛남,2024-04-08 - 00:46:31
108,naver,2,떡빵앗간,"서울 중구 청계천로 318 다동, 1층 54,55호", 4.38, 213,동치미5588,21.7.30.금,모카번..완전..굿굿,2024-04-08 - 00:46:31
109,naver,2,떡빵앗간,"서울 중구 청계천로 318 다동, 1층 54,55호", 4.38, 213,heyday18,21.8.6.금,늘 친절,2024-04-08 - 00:46:31
110,naver,2,떡빵앗간,"서울 중구 청계천로 318 다동, 1층 54,55호", 4.38, 213,sms****,21.7.8.목,넘맛잇어여^^,2024-04-08 - 00:46:31
111,naver,2,떡빵앗간,"서울 중구 청계천로 318 다동, 1층 54,55호", 4.38, 213,wogok031,21.11.3.수,ㅎ,2024-04-08 - 00:46:31
112,naver,2,떡빵앗간,"서울 중구 청계천로 318 다동, 1층 54,55호", 4.38, 213,matt1008,21.8.25.수,친절해요,2024-04-08 - 00:46:31
113,naver,2,떡빵앗간,"서울 중구 청계천로 318 다동, 1층 54,55호", 4.38, 213,392****,21.11.3.수,굿굿굿,2024-04-08 - 00:46:32
114,naver,4,브랑제리 본점,서울 중구 남대문로 81 롯데백화점(본점), 4.44, 43,W0407,21.2.28.일,빵과 샐라드가 신선해서 좋아요 텔레콤 10% 할인가능,2024-04-08 - 00:46:51
115,naver,4,브랑제리 본점,서울 중구 남대문로 81 롯데백화점(본점), 4.44, 43,꽃순님,21.1.2.토,행사해서 가요,2024-04-08 - 00:46:51
116,naver,4,브랑제리 본점,서울 중구 남대문로 81 롯데백화점(본점), 4.44, 43,53junhee,20.11.19.목,ㅋ,2024-04-08 - 00:46:51
117,naver,4,브랑제리 본점,서울 중구 남대문로 81 롯데백화점(본점), 4.44, 43,라출남,20.9.29.화,역시 맛있어요,2024-04-08 - 00:46:51
118,naver,4,브랑제리 본점,서울 중구 남대문로 81 롯데백화점(본점), 4.44, 43,냐옹68,21.1.28.목,좋아요,2024-04-08 - 00:46:52
119,naver,4,브랑제리 본점,서울 중구 남대문로 81 롯데백화점(본점), 4.44, 43,마시멜로4948,20.7.9.목,맛있어요,2024-04-08 - 00:46:52
120,naver,4,브랑제리 본점,서울 중구 남대문로 81 롯데백화점(본점), 4.44, 43,스티렌,20.7.14.화,괜찮았어요^^ 재방문할 의사 있습니다!,2024-04-08 - 00:46:52
121,naver,4,브랑제리 본점,서울 중구 남대문로 81 롯데백화점(본점), 4.44, 43,미셸30,20.1.18.토,빵이 너무나 맛이나요ㆍ맛인나ㆍ머를ㅇ골라도 실패가 없어용,2024-04-08 - 00:46:52
122,naver,4,브랑제리 본점,서울 중구 남대문로 81 롯데백화점(본점), 4.44, 43,코코b,19.12.7.토,맛남,2024-04-08 - 00:46:52
123,naver,5,베이커리텐 신세계본점,서울 중구 소공로 63, 4.39, 53,koo****,3.20.수,통밀빵 맛있어요,2024-04-08 - 00:47:02
124,naver,5,베이커리텐 신세계본점,서울 중구 소공로 63, 4.39, 53,Gyomin,3.21.목,맛나요.,2024-04-08 - 00:47:02
125,naver,5,베이커리텐 신세계본점,서울 중구 소공로 63, 4.39, 53,라떼 거품빼고,23.10.7.토,나폴레옹 감자식빵 좋아요,2024-04-08 - 00:47:02
126,naver,5,베이커리텐 신세계본점,서울 중구 소공로 63, 4.39, 53,eke****,23.12.27.수,.,2024-04-08 - 00:47:02
127,naver,5,베이커리텐 신세계본점,서울 중구 소공로 63, 4.39, 53,lallalla84,23.10.12.목,맛있어요 ~,2024-04-08 - 00:47:02
128,naver,5,베이커리텐 신세계본점,서울 중구 소공로 63, 4.39, 53,ytj****,2.9.금,비싸지만 맛이 괜찮아요~식빵 하나 샀어요~,2024-04-08 - 00:47:02
129,naver,5,베이커리텐 신세계본점,서울 중구 소공로 63, 4.39, 53,프로추앙러,23.3.20.월,"알록달록 비주얼에 홀려서 저지르고 말았다ㅠ 보는 
것만으로도 행복해 지는 느낌.. 잘부서지지도 않아 
선물하기도 딱이다. 당 필요할때 요 마카롱 하...",2024-04-08 - 00:47:02
130,naver,5,베이커리텐 신세계본점,서울 중구 소공로 63, 4.39, 53,badaliebe,4.4.목,좋아요,2024-04-08 - 00:47:02
131,naver,5,베이커리텐 신세계본점,서울 중구 소공로 63, 4.39, 53,소바짱,23.5.26.금,빵맛있네요,2024-04-08 - 00:47:03
132,naver,5,베이커리텐 신세계본점,서울 중구 소공로 63, 4.39, 53,홍대커리,22.2.6.일,에그타르트 하나 먹어봤는데 맛있어서 다시 가서 가족들먹을것까지 추가 구매! 에그타르트 에그가 꽉 차서 맛있어요!,2024-04-08 - 00:47:03
133,naver,5,베이커리텐 신세계본점,서울 중구 소공로 63, 4.39, 53,아프로디테75,22.6.17.금,좋아요,2024-04-08 - 00:47:03
134,naver,5,베이커리텐 신세계본점,서울 중구 소공로 63, 4.39, 53,홍대커리,22.2.6.일,에그타르트 짱맛인데..!,2024-04-08 - 00:47:03
135,naver,5,베이커리텐 신세계본점,서울 중구 소공로 63, 4.39, 53,Ahhhhhhhhh,22.5.13.금,맛있어요!,2024-04-08 - 00:47:03
136,naver,5,베이커리텐 신세계본점,서울 중구 소공로 63, 4.39, 53,nim96,22.4.18.월,굿,2024-04-08 - 00:47:03
137,naver,5,베이커리텐 신세계본점,서울 중구 소공로 63, 4.39, 53,그럴수도저럴수도,22.2.25.금,맛있어요^^,2024-04-08 - 00:47:03
138,naver,5,베이커리텐 신세계본점,서울 중구 소공로 63, 4.39, 53,고고9966,21.10.3.일,에그타르트 두껍고 좋아요,2024-04-08 - 00:47:03
139,naver,5,베이커리텐 신세계본점,서울 중구 소공로 63, 4.39, 53,밤토리리,21.10.9.토,"맛있었어요.
얼려서 살짝 녹여먹어도 바닐라아이스크림같이 맛있어요.",2024-04-08 - 00:47:03
140,naver,5,베이커리텐 신세계본점,서울 중구 소공로 63, 4.39, 53,고고9966,21.11.4.목,언제나 친절하세요!,2024-04-08 - 00:47:03
141,naver,5,베이커리텐 신세계본점,서울 중구 소공로 63, 4.39, 53,can****,22.1.13.목,좋아요,2024-04-08 - 00:47:03
142,naver,5,베이커리텐 신세계본점,서울 중구 소공로 63, 4.39, 53,lucass,21.8.11.수,케이크 맛있어요,2024-04-08 - 00:47:03
143,naver,5,베이커리텐 신세계본점,서울 중구 소공로 63, 4.39, 53,기쁨이9083,21.12.30.목,좋아요,2024-04-08 - 00:47:03
144,naver,6,베이커리스티치,서울 중구 소공로 96 로컬스티치 1층, 4.42, 100,혁이76,23.12.11.월,공간이 멋지고 음료도 맛있네요. 층고가 높아서 시원합다.,2024-04-08 - 00:47:16
145,naver,6,베이커리스티치,서울 중구 소공로 96 로컬스티치 1층, 4.42, 100,감자깡3,23.12.19.화,"커피 맛있구 볼만한게 많아
좋았어요
탁 트여서 답답하지 않구요",2024-04-08 - 00:47:17
146,naver,6,베이커리스티치,서울 중구 소공로 96 로컬스티치 1층, 4.42, 100,쿠르맛집탐방가,23.9.22.금,소공 로컬스티치 1층에 보마켓이 들어와있다고 해서 다녀와본*_*) 귀여운 소품들이랑 먹거리들이 판매되 고 있어서 살짝 구경하고 밀크티 한잔 마시며 ...,2024-04-08 - 00:47:17
147,naver,6,베이커리스티치,서울 중구 소공로 96 로컬스티치 1층, 4.42, 100,joo100,1.5.금,공간이 넘 예뻐요 해가 이쁘게 드는곳,2024-04-08 - 00:47:17
148,naver,6,베이커리스티치,서울 중구 소공로 96 로컬스티치 1층, 4.42, 100,neo301,23.10.25.수,넓고 자리 간격도 적당하고요~ 이것저것 제품도 많고 미팅하기에 좋아요~ 아마 로컬스티치라는 공유오피 스 건물 1층 카페라 그럴듯요~ 운영은 7시까지...,2024-04-08 - 00:47:17
149,naver,6,베이커리스티치,서울 중구 소공로 96 로컬스티치 1층, 4.42, 100,최오,23.8.18.금,남의 회사 로비에서 커피마시는 느낌. 커피맛은 그냥 그랬다. 근데 공간은 일하기 좋긴했음.,2024-04-08 - 00:47:17
150,naver,6,베이커리스티치,서울 중구 소공로 96 로컬스티치 1층, 4.42, 100,졍248,23.3.29.수,"후배에게 소소하게 배울것이있어서 카페 다녀옴. 쾌
적하고 사람도 많지않아 조용해서 좋았습니다. 친절
한 직원들도 좋고 다 맘에 들어서 자주갈듯 합니다.",2024-04-08 - 00:47:17
151,naver,6,베이커리스티치,서울 중구 소공로 96 로컬스티치 1층, 4.42, 100,냠무지게,22.12.27.화,매장이 커서 붐비는 직장인들 점심시간에 가도 자리 에 앉을 수 있어요 음료 맛도 좋아요 가격은 좀 있는 편이에요 층고가 높고 넓은 공간감이 잠시나마...,2024-04-08 - 00:47:17
152,naver,6,베이커리스티치,서울 중구 소공로 96 로컬스티치 1층, 4.42, 100,졍248,23.1.17.화,"이부장님과 점심후 차한잔하러간 카페
시간이 일러서 여유롭게 마셨어요",2024-04-08 - 00:47:17
153,naver,6,베이커리스티치,서울 중구 소공로 96 로컬스티치 1층, 4.42, 100,람보르기니페라리,23.9.15.금,굿,2024-04-08 - 00:47:17
154,naver,6,베이커리스티치,서울 중구 소공로 96 로컬스티치 1층, 4.42, 100,꽁씨73,22.11.7.월,맛있어용,2024-04-08 - 00:47:17
155,naver,6,베이커리스티치,서울 중구 소공로 96 로컬스티치 1층, 4.42, 100,soso39,22.7.16.토,공간이 넓직해서 좋아요,2024-04-08 - 00:47:17
156,naver,6,베이커리스티치,서울 중구 소공로 96 로컬스티치 1층, 4.42, 100,곰돌곰,22.2.9.수,채식도시락 있다고 해서 찾아갔어요. 매장 넓어서 테이블 간격도 좁지 않고 분위기 좋았어요. 도시락도 깔끔하고 맛있었어요.,2024-04-08 - 00:47:17
157,naver,6,베이커리스티치,서울 중구 소공로 96 로컬스티치 1층, 4.42, 100,soranomi,22.5.13.금,굿,2024-04-08 - 00:47:17
158,naver,6,베이커리스티치,서울 중구 소공로 96 로컬스티치 1층, 4.42, 100,별명을뭐로하지43,22.6.2.목,굿,2024-04-08 - 00:47:17
159,naver,6,베이커리스티치,서울 중구 소공로 96 로컬스티치 1층, 4.42, 100,아톰12345,22.4.27.수,굿,2024-04-08 - 00:47:17
160,naver,6,베이커리스티치,서울 중구 소공로 96 로컬스티치 1층, 4.42, 100,보조바퀴,22.1.28.금,😀,2024-04-08 - 00:47:17
161,naver,6,베이커리스티치,서울 중구 소공로 96 로컬스티치 1층, 4.42, 100,cyb****,22.1.25.화,^.^,2024-04-08 - 00:47:17
162,naver,6,베이커리스티치,서울 중구 소공로 96 로컬스티치 1층, 4.42, 100,demian481,21.9.15.수,매장이 넓직해서 좋아요,2024-04-08 - 00:47:17
163,naver,6,베이커리스티치,서울 중구 소공로 96 로컬스티치 1층, 4.42, 100,YOUNG아용이,21.9.4.토,,2024-04-08 - 00:47:17
164,naver,6,베이커리스티치,서울 중구 소공로 96 로컬스티치 1층, 4.42, 100,베가스65,21.5.26.수,라떼도 앙버터도 맛있어요 ^^,2024-04-08 - 00:47:17
165,naver,6,베이커리스티치,서울 중구 소공로 96 로컬스티치 1층, 4.42, 100,Baekho98,21.7.16.금,좋아요,2024-04-08 - 00:47:17
166,naver,6,베이커리스티치,서울 중구 소공로 96 로컬스티치 1층, 4.42, 100,썬3771,20.11.22.일,맛있어요. Ceek 파스타 타이거새우라고 써있어서 시 켰는데 새우가 너무 작네요ㅋㅋ 그냥 칵테일새우같아 요. 에그 베네딕 시켰는데 다른 메뉴 나와서 바...,2024-04-08 - 00:47:18
167,naver,6,베이커리스티치,서울 중구 소공로 96 로컬스티치 1층, 4.42, 100,찬차니이,21.1.9.토,최고!,2024-04-08 - 00:47:18
168,naver,6,베이커리스티치,서울 중구 소공로 96 로컬스티치 1층, 4.42, 100,YOUNG아용이,20.10.29.목,,2024-04-08 - 00:47:18
169,naver,6,베이커리스티치,서울 중구 소공로 96 로컬스티치 1층, 4.42, 100,맛집탐정단,20.7.27.월,분위기 너무 좋았어요,2024-04-08 - 00:47:18
170,naver,6,베이커리스티치,서울 중구 소공로 96 로컬스티치 1층, 4.42, 100,mnb****,20.11.14.토,좋아요,2024-04-08 - 00:47:18
171,naver,6,베이커리스티치,서울 중구 소공로 96 로컬스티치 1층, 4.42, 100,여솔3296,21.3.16.화,좋아요,2024-04-08 - 00:47:18
172,naver,6,베이커리스티치,서울 중구 소공로 96 로컬스티치 1층, 4.42, 100,알토란임당,20.8.1.토,배부르게 먹었어요!,2024-04-08 - 00:47:18
173,naver,6,베이커리스티치,서울 중구 소공로 96 로컬스티치 1층, 4.42, 100,bje7158,20.1.20.월,,2024-04-08 - 00:47:18
174,naver,6,베이커리스티치,서울 중구 소공로 96 로컬스티치 1층, 4.42, 100,꼼7269,19.11.22.금,좋아용,2024-04-08 - 00:47:18
175,naver,6,베이커리스티치,서울 중구 소공로 96 로컬스티치 1층, 4.42, 100,Sm50,20.3.3.화,친절해요,2024-04-08 - 00:47:18
176,naver,8,을지샌드,서울 중구 삼일대로12길 21, 4.4, 392,g4****,22.1.17.월,"와 진짜 여기를 왜 인제 알았는지
너무 맛있어요! 사람이 많다고만 생각했는데
많은 이유가 있었네요
맛없는게 없어요🧡
샌드위치 완전 감동적인맛 ㅠㅠ
배터질뻔했네용 ㅋㅋ
앞으로 점심에 자주 애용해야겠어요😆🧡",2024-04-08 - 00:49:20
177,naver,8,을지샌드,서울 중구 삼일대로12길 21, 4.4, 392,령디쮸,22.3.11.금,점심시간에 방문했는데 직원분들께서 친절하게 주문받아주시고 매장도 넓어서 쾌적하게 샌드위치 즐기고 갔어요! 치아바타 완전 부드럽고 속재료들도 잘 어우러져서 너무 맛있게 잘 먹었습니다^^,2024-04-08 - 00:49:20
178,naver,8,을지샌드,서울 중구 삼일대로12길 21, 4.4, 392,soljikim,22.1.11.화,을지샌드 신선하고 넉넉하고 배불러요ㅋㅋ 토마토당근주스랑 세트로 먹었는데 건강한 단맛♡ 치아바타가 쫀쫀한 언노운커피!,2024-04-08 - 00:49:20
179,naver,8,을지샌드,서울 중구 삼일대로12길 21, 4.4, 392,도쿄바나나,22.2.13.일,"음료, 빵, 샌드위치까지 완벽해요 특히 샌드위치푸짐해서 배고팠는데 배터지게 먹고 나왔어요",2024-04-08 - 00:49:20
180,naver,8,을지샌드,서울 중구 삼일대로12길 21, 4.4, 392,an****,22.3.12.토,"감동의 맛...
초코 덕후들 초코크로와상 추천이요 ㅠ 
그리고 홍차 아이스티 대박맛집",2024-04-08 - 00:49:20
181,naver,8,을지샌드,서울 중구 삼일대로12길 21, 4.4, 392,이런이런무무,22.1.18.화,"빵 맛있다
얌얌",2024-04-08 - 00:49:20
182,naver,8,을지샌드,서울 중구 삼일대로12길 21, 4.4, 392,Nancy5152,22.3.2.수,맛있어요!!!!! 아침 조식으로 다녀오기딱조아요,2024-04-08 - 00:49:20
183,naver,8,을지샌드,서울 중구 삼일대로12길 21, 4.4, 392,슈슈6817,21.12.5.일,맛있어요~ 다음에 또 가고 싶네요,2024-04-08 - 00:49:20
184,naver,8,을지샌드,서울 중구 삼일대로12길 21, 4.4, 392,soljikim,21.7.14.수,"매장이 넓고 쾌적해요! 테이블도 2인석 4인석 다양하고 특히 캐노피천이 독특하네요! 언노운커피 대표메뉴 을지샌드! 크기가 어마어마하게 커서 2명이 먹어도 될 정도! 리코타치즈&버섯로 주문했는데 식감 좋은 버섯과 아삭한 양상추, 큼지막한 토마토까지 너무너무 신선하게 잘 먹었어요! 치아바타는 완전 쫄깃쫄깃해서 인생 치아바타였어요ㅋㅋ 라떼도 원두 부드러워요♡",2024-04-08 - 00:49:20
185,naver,8,을지샌드,서울 중구 삼일대로12길 21, 4.4, 392,ARi30,21.9.26.일,샌드위치 셋트 가성비 좋고 인공적인 맛보다 빵과 야채 연어나 치킨같은 주재료가 신선해서 건강한 맛이라는 생각이 듭니다. 샌드위치는 워낙 야채가 많이 들어가서 풍성하고 반만 먹어도 배불러요 ^^,2024-04-08 - 00:49:20
186,naver,8,을지샌드,서울 중구 삼일대로12길 21, 4.4, 392,츄르2,21.11.27.토,"분이기 편안해서 좋아요~ 딸기우유 맛나욤~
초코크로와상 완전 단거 땡길때 추천합니다~",2024-04-08 - 00:49:21
187,naver,8,을지샌드,서울 중구 삼일대로12길 21, 4.4, 392,하진4668,22.1.2.일,밀크티 맛있어요! 코코넛연유커피는 아이스가 맛있었을 것 같아요...ㅠㅠ,2024-04-08 - 00:49:21
188,naver,8,을지샌드,서울 중구 삼일대로12길 21, 4.4, 392,모카라떼38,21.9.24.금,"샌드위치 맛있어요.
커피는 연한편.
샌드위치랑 커피 세트로 먹으면 식사 대용으로 양 넉넉한 느낌이에요
실내에서 먹을때 굳이 상자포장은.. 안했으면 좋겠어요.",2024-04-08 - 00:49:21
189,naver,8,을지샌드,서울 중구 삼일대로12길 21, 4.4, 392,var****,22.2.23.수,,2024-04-08 - 00:49:21
190,naver,8,을지샌드,서울 중구 삼일대로12길 21, 4.4, 392,Nancy5152,22.2.3.목,굿굿 자주가는곳입니다,2024-04-08 - 00:49:21
191,naver,8,을지샌드,서울 중구 삼일대로12길 21, 4.4, 392,감자과자,21.12.16.목,가격도 저렴한 편이고 아몬드말차 맛있어요!,2024-04-08 - 00:49:21
192,naver,8,을지샌드,서울 중구 삼일대로12길 21, 4.4, 392,강숭,21.9.30.목,치아바타 빵이 맛있었습니다.,2024-04-08 - 00:49:21
193,naver,8,을지샌드,서울 중구 삼일대로12길 21, 4.4, 392,nanaeun,21.10.8.금,주변에 이런곳이 있다는게 너무 좋네요! 고급진 샌드위치인데 가격도 나쁘지 않아요! 포장도 깔끔하게 해주시네요~,2024-04-08 - 00:49:21
194,naver,8,을지샌드,서울 중구 삼일대로12길 21, 4.4, 392,히베베온니,21.12.6.월,헤이즐넛 믹스라떼 아이스 맛잇어용,2024-04-08 - 00:49:21
195,naver,8,을지샌드,서울 중구 삼일대로12길 21, 4.4, 392,100****,21.9.18.토,길을 잃어서 우연히 들어왔는데 보기드문 찐맛집이라 놀랐어요. 가격은 착한데 맛이나 재료는 호텔 수준 퀄리티여서 감탄하며 먹었어요. 처음에 음료가 잘못나왔는데 바꾸기 미안할정도였네요 바로 친절하게 바꿔주셔서 감사했습니다. 내일 또 가려고요. 라떼랑 리코타치즈버섯샌드위치 추천입니다.,2024-04-08 - 00:49:21
196,naver,8,을지샌드,서울 중구 삼일대로12길 21, 4.4, 392,jun****,21.12.20.월,샌드위치가 맛있어요.,2024-04-08 - 00:49:21
197,naver,8,을지샌드,서울 중구 삼일대로12길 21, 4.4, 392,ELLA6513,22.3.13.일,"가성비좋은 을지샌드♥
너무 맛있는 을지샌드♥
좋은 점심 먹고 갑니다ㅎㅎ",2024-04-08 - 00:49:21
198,naver,8,을지샌드,서울 중구 삼일대로12길 21, 4.4, 392,히베베온니,21.12.14.화,크로와상 아메리카노,2024-04-08 - 00:49:21
199,naver,8,을지샌드,서울 중구 삼일대로12길 21, 4.4, 392,Dianejung,21.8.13.금,"산미없는 커피라 제 입맛에 좋아서 자주 가긴하는데,
피자 바게트를 시켰는데 좀 많이 길어서 컷팅할 수 있는 칼 넣어달라고 했는데 없다고 하시길래 그럼 잘라달라고 했는데 잘라주시지도 않네요,,ㅠ
당황스러웠어요🥲",2024-04-08 - 00:49:21
200,naver,8,을지샌드,서울 중구 삼일대로12길 21, 4.4, 392,보트리,22.1.24.월,맛있어요,2024-04-08 - 00:49:21
201,naver,8,을지샌드,서울 중구 삼일대로12길 21, 4.4, 392,smi****,22.1.21.금,ㅇㅇ,2024-04-08 - 00:49:21
202,naver,8,을지샌드,서울 중구 삼일대로12길 21, 4.4, 392,밤하늘은하수,22.1.23.일,맛있어요~,2024-04-08 - 00:49:21
203,naver,8,을지샌드,서울 중구 삼일대로12길 21, 4.4, 392,smi****,22.1.14.금,ㅇㅇ,2024-04-08 - 00:49:21
204,naver,8,을지샌드,서울 중구 삼일대로12길 21, 4.4, 392,smi****,22.1.11.화,ㅇㅇ,2024-04-08 - 00:49:21
205,naver,8,을지샌드,서울 중구 삼일대로12길 21, 4.4, 392,쥬뉘,21.11.3.수,커피가 맛있고 빵종류도 많아요,2024-04-08 - 00:49:22
206,naver,8,을지샌드,서울 중구 삼일대로12길 21, 4.4, 392,smi****,22.1.7.금,ㅇㅇ,2024-04-08 - 00:49:22
207,naver,8,을지샌드,서울 중구 삼일대로12길 21, 4.4, 392,FORNOW,21.10.24.일,자리가 분리되어 있어서 좋아요 자주 가게 됩니다 ㅎㅎ,2024-04-08 - 00:49:22
208,naver,8,을지샌드,서울 중구 삼일대로12길 21, 4.4, 392,smi****,22.1.5.수,ㅇㅇ,2024-04-08 - 00:49:22
209,naver,8,을지샌드,서울 중구 삼일대로12길 21, 4.4, 392,smi****,22.1.5.수,ㅇㅇ,2024-04-08 - 00:49:22
210,naver,8,을지샌드,서울 중구 삼일대로12길 21, 4.4, 392,사가81,22.2.9.수,맛있어요,2024-04-08 - 00:49:22
211,naver,8,을지샌드,서울 중구 삼일대로12길 21, 4.4, 392,kim****,22.2.6.일,좋아요,2024-04-08 - 00:49:22
212,naver,8,을지샌드,서울 중구 삼일대로12길 21, 4.4, 392,Tangmot,22.2.6.일,굳,2024-04-08 - 00:49:22
213,naver,8,을지샌드,서울 중구 삼일대로12길 21, 4.4, 392,sweet86,21.11.10.수,맛과 분위기가 좋아요,2024-04-08 - 00:49:22
214,naver,8,을지샌드,서울 중구 삼일대로12길 21, 4.4, 392,삐융386,22.2.4.금,굿,2024-04-08 - 00:49:22
215,naver,8,을지샌드,서울 중구 삼일대로12길 21, 4.4, 392,June979,21.11.4.목,에그크로아상 다시 나왔으면 좋겠어요 ㅠㅠㅠ,2024-04-08 - 00:49:22
216,naver,8,을지샌드,서울 중구 삼일대로12길 21, 4.4, 392,아르미135,21.11.4.목,크로와상 너무 맛잇어요,2024-04-08 - 00:49:22
217,naver,8,을지샌드,서울 중구 삼일대로12길 21, 4.4, 392,smi****,21.12.31.금,ㅇㅇ,2024-04-08 - 00:49:22
218,naver,8,을지샌드,서울 중구 삼일대로12길 21, 4.4, 392,오늘1542,21.12.29.수,가성비굿,2024-04-08 - 00:49:22
219,naver,8,을지샌드,서울 중구 삼일대로12길 21, 4.4, 392,dre****,21.12.30.목,-,2024-04-08 - 00:49:22
220,naver,8,을지샌드,서울 중구 삼일대로12길 21, 4.4, 392,수리부엉이70,21.11.22.월,샌드위치가 맛있어요,2024-04-08 - 00:49:22
221,naver,8,을지샌드,서울 중구 삼일대로12길 21, 4.4, 392,smi****,21.12.31.금,ㅇㅇ,2024-04-08 - 00:49:22
222,naver,8,을지샌드,서울 중구 삼일대로12길 21, 4.4, 392,smi****,21.12.31.금,ㅇㅇ,2024-04-08 - 00:49:22
223,naver,8,을지샌드,서울 중구 삼일대로12길 21, 4.4, 392,이런이런무무,21.12.3.금,맛있어요~,2024-04-08 - 00:49:22
224,naver,8,을지샌드,서울 중구 삼일대로12길 21, 4.4, 392,부지런한J,21.10.28.목,매장 예쁘네욜,2024-04-08 - 00:49:23
225,naver,8,을지샌드,서울 중구 삼일대로12길 21, 4.4, 392,cocog,22.1.1.토,"솔직히 여긴 스콘보다 음료가...👍🏻👍🏻 코코넛 연유라
떼가 다른곳보다 색달라서 더 좋았어요! 대화하기에
도 좋고, 무엇보다 인테리어가 독특한 반면에 ...",2024-04-08 - 00:49:23
226,naver,8,을지샌드,서울 중구 삼일대로12길 21, 4.4, 392,트리플허경영,22.1.20.목,샌드위치 맛있음,2024-04-08 - 00:49:23
227,naver,8,을지샌드,서울 중구 삼일대로12길 21, 4.4, 392,aur****,22.1.24.월,맛있어요,2024-04-08 - 00:49:23
228,naver,8,을지샌드,서울 중구 삼일대로12길 21, 4.4, 392,쥬뉘,21.11.11.목,빵이 맛있어보여요,2024-04-08 - 00:49:23
229,naver,8,을지샌드,서울 중구 삼일대로12길 21, 4.4, 392,ClaraPark,21.12.20.월,굿굿,2024-04-08 - 00:49:23
230,naver,8,을지샌드,서울 중구 삼일대로12길 21, 4.4, 392,smi****,21.12.25.토,ㅇㅇ,2024-04-08 - 00:49:23
231,naver,8,을지샌드,서울 중구 삼일대로12길 21, 4.4, 392,hjyoond,21.12.15.수,좋아요,2024-04-08 - 00:49:23
232,naver,8,을지샌드,서울 중구 삼일대로12길 21, 4.4, 392,루미40,21.11.16.화,맛있어요,2024-04-08 - 00:49:23
233,naver,8,을지샌드,서울 중구 삼일대로12길 21, 4.4, 392,냠52,21.11.21.일,빵이 맛있어용!,2024-04-08 - 00:49:23
234,naver,8,을지샌드,서울 중구 삼일대로12길 21, 4.4, 392,kat****,21.7.9.금,"Amazing big sandwich!
And sooo tasty!
Really same European style ❤️",2024-04-08 - 00:49:23
235,naver,8,을지샌드,서울 중구 삼일대로12길 21, 4.4, 392,동인천먹보,21.9.21.화,"초코크로와상 완죠니 돌아버린맛 ㅡㅡ
가까이 살았음 맨날갔어요",2024-04-08 - 00:49:23
236,naver,8,을지샌드,서울 중구 삼일대로12길 21, 4.4, 392,뽀뽀랑,21.12.9.목,친절해요,2024-04-08 - 00:49:23
237,naver,8,을지샌드,서울 중구 삼일대로12길 21, 4.4, 392,파랭파랭,21.10.11.월,크로아상 맛있네요,2024-04-08 - 00:49:23
238,naver,8,을지샌드,서울 중구 삼일대로12길 21, 4.4, 392,Dori16,21.11.15.월,..,2024-04-08 - 00:49:23
239,naver,8,을지샌드,서울 중구 삼일대로12길 21, 4.4, 392,수리수리마스,21.10.9.토,다방커피 짱맛,2024-04-08 - 00:49:23
240,naver,8,을지샌드,서울 중구 삼일대로12길 21, 4.4, 392,ELLA6513,22.3.13.일,ㅎㅎ,2024-04-08 - 00:49:23
241,naver,8,을지샌드,서울 중구 삼일대로12길 21, 4.4, 392,레드선블루스찬,21.12.15.수,굿 음료요,2024-04-08 - 00:49:23
242,naver,8,을지샌드,서울 중구 삼일대로12길 21, 4.4, 392,che****,21.8.31.화,"저에겐 로얄밀크티스콘이 넘 달아요
커피맛 쏘쏘",2024-04-08 - 00:49:23
243,naver,8,을지샌드,서울 중구 삼일대로12길 21, 4.4, 392,레드선블루스찬,21.10.27.수,굿 딸기 스무디~,2024-04-08 - 00:49:23
244,naver,8,을지샌드,서울 중구 삼일대로12길 21, 4.4, 392,ws1017,21.9.26.일,,2024-04-08 - 00:49:24
245,naver,8,을지샌드,서울 중구 삼일대로12길 21, 4.4, 392,pkw****,21.9.11.토,"스콘종류가 많아요
외부자리도 있어서 실내가 답답할때도 이용하기 좋아요",2024-04-08 - 00:49:24
246,naver,8,을지샌드,서울 중구 삼일대로12길 21, 4.4, 392,김산양,21.7.18.일,"매장이 보기보다 훨씨 넓고, 빵도 맛있어요!",2024-04-08 - 00:49:24
247,naver,8,을지샌드,서울 중구 삼일대로12길 21, 4.4, 392,다정한투덜이,21.12.15.수,굿,2024-04-08 - 00:49:24
248,naver,8,을지샌드,서울 중구 삼일대로12길 21, 4.4, 392,써니7854,21.7.22.목,밖에서 보는것보다 안에서,2024-04-08 - 00:49:24
249,naver,8,을지샌드,서울 중구 삼일대로12길 21, 4.4, 392,회흑색라이프,21.10.12.화,,2024-04-08 - 00:49:24
250,naver,8,을지샌드,서울 중구 삼일대로12길 21, 4.4, 392,겸댕이92,21.9.2.목,커피나 딸기우유나 딱 그 값하네요. 딸기우유 넘 밍밍. 바리스타 우유 쓰던데 ㅠ 너무 맛없어요,2024-04-08 - 00:49:24
251,naver,8,을지샌드,서울 중구 삼일대로12길 21, 4.4, 392,수니2592,21.10.8.금,커피 맛있어오ㅎ,2024-04-08 - 00:49:24
252,naver,8,을지샌드,서울 중구 삼일대로12길 21, 4.4, 392,전국방랑자,21.8.5.목,언노운 가격도 저렴한데 너무 맛있어요,2024-04-08 - 00:49:24
253,naver,8,을지샌드,서울 중구 삼일대로12길 21, 4.4, 392,everything4,21.8.5.목,맛나고 넓고 빵종류도많아요,2024-04-08 - 00:49:24
254,naver,8,을지샌드,서울 중구 삼일대로12길 21, 4.4, 392,oBELLEo,21.10.30.토,Good!,2024-04-08 - 00:49:24
255,naver,8,을지샌드,서울 중구 삼일대로12길 21, 4.4, 392,밀크카라멜88,21.11.29.월,좋아요,2024-04-08 - 00:49:24
256,naver,8,을지샌드,서울 중구 삼일대로12길 21, 4.4, 392,bmocha,21.9.3.금,빵이맛있어요,2024-04-08 - 00:49:24
257,naver,8,을지샌드,서울 중구 삼일대로12길 21, 4.4, 392,dre****,21.11.1.월,-,2024-04-08 - 00:49:24
258,naver,8,을지샌드,서울 중구 삼일대로12길 21, 4.4, 392,좋은데가 좋아요,21.4.17.토,샌드위치 먹으러 왔는데 마감쓰🥲 토요일에는 5시반~6시에 샌드위치 마감한대용... 공간이 아늑하고 단정해서 좋아요. 책 읽거나 일기쓰기 죠음,2024-04-08 - 00:49:24
259,naver,8,을지샌드,서울 중구 삼일대로12길 21, 4.4, 392,마가렛또,21.11.25.목,맛잇어요,2024-04-08 - 00:49:24
260,naver,8,을지샌드,서울 중구 삼일대로12길 21, 4.4, 392,Nancy5152,21.8.10.화,아바라는 첨 시킨거같은데 맛있었어요,2024-04-08 - 00:49:24
261,naver,8,을지샌드,서울 중구 삼일대로12길 21, 4.4, 392,Nancy5152,21.8.7.토,좋아하는 카페여서 자주갑니다!!,2024-04-08 - 00:49:24
262,naver,8,을지샌드,서울 중구 삼일대로12길 21, 4.4, 392,소비의아이콘,21.11.13.토,샌드위치 넘 맛있었어요,2024-04-08 - 00:49:24
263,naver,8,을지샌드,서울 중구 삼일대로12길 21, 4.4, 392,tmdgn07,21.8.7.토,카페에서 노래를 운운하는게 쪼끔 웃기긴하지만 뭔가 카페 사진 분위기 보고왔는데 노래는 가요탑백 틀어주셔서 언벨런스했어요.. 넘 시끄러웠덜꺄... 스콘은 매우 맛있고 가성비 좋았어요!,2024-04-08 - 00:49:25
264,naver,8,을지샌드,서울 중구 삼일대로12길 21, 4.4, 392,레드선블루스찬,21.11.11.목,굿 음료요~,2024-04-08 - 00:49:25
265,naver,8,을지샌드,서울 중구 삼일대로12길 21, 4.4, 392,soo ah 29,21.8.14.토,샌드위치는 맛있게 먹었는데ㅠ 스콘은 가격대비 먹어본 곳 중에 가장 작고 너무 그냥 비스켓 같음 ㅠ,2024-04-08 - 00:49:25
266,naver,8,을지샌드,서울 중구 삼일대로12길 21, 4.4, 392,kmy****,21.11.15.월,좋아요,2024-04-08 - 00:49:25
267,naver,8,을지샌드,서울 중구 삼일대로12길 21, 4.4, 392,amao,21.8.4.수,분위기 좋고 커피와 베이커리를 같이해서 좋은듯해요.,2024-04-08 - 00:49:25
268,naver,8,을지샌드,서울 중구 삼일대로12길 21, 4.4, 392,sboyszz,21.8.21.토,을지로다방커피 맛있어요,2024-04-08 - 00:49:25
269,naver,8,을지샌드,서울 중구 삼일대로12길 21, 4.4, 392,시심나무26,21.8.20.금,"분위기, 맛, 가격 모두 준수한 곳",2024-04-08 - 00:49:25
270,naver,8,을지샌드,서울 중구 삼일대로12길 21, 4.4, 392,jsyoung31,21.10.9.토,좋아요,2024-04-08 - 00:49:25
271,naver,8,을지샌드,서울 중구 삼일대로12길 21, 4.4, 392,ailjs,21.11.4.목,맛있어요,2024-04-08 - 00:49:25
272,naver,8,을지샌드,서울 중구 삼일대로12길 21, 4.4, 392,ke****,21.6.4.금,"크다고 얘기는 많이 들었는데 정말 엄청 크네요.
둘이서 나눠먹어도 되겠어요.
맛도 있어요.
가까우면 자주 갈것 같네요~",2024-04-08 - 00:49:25
273,naver,8,을지샌드,서울 중구 삼일대로12길 21, 4.4, 392,vanana3,21.8.16.월,"나쁘지 않은 가격,무난한 맛",2024-04-08 - 00:49:25
274,naver,8,을지샌드,서울 중구 삼일대로12길 21, 4.4, 392,조금미,21.8.14.토,매장이 넓고 자리가 많아서 좋아요 빵도 맛있어요,2024-04-08 - 00:49:25
275,naver,8,을지샌드,서울 중구 삼일대로12길 21, 4.4, 392,smi****,21.10.18.월,ㅇㅇ,2024-04-08 - 00:49:25
276,naver,8,을지샌드,서울 중구 삼일대로12길 21, 4.4, 392,조금미,21.8.14.토,망고요거트 크로아상 너무 맛있어요 퓨,2024-04-08 - 00:49:25
277,naver,8,을지샌드,서울 중구 삼일대로12길 21, 4.4, 392,Dianejung,21.4.23.금,"아메리카노 가격 나름 저렴하고 좋아요~
빵도 맛있ㅇㅓ요",2024-04-08 - 00:49:25
278,naver,8,을지샌드,서울 중구 삼일대로12길 21, 4.4, 392,ailjs,21.11.1.월,맛있어요,2024-04-08 - 00:49:25
279,naver,8,을지샌드,서울 중구 삼일대로12길 21, 4.4, 392,slimshady,21.10.31.일,굿,2024-04-08 - 00:49:25
280,naver,8,을지샌드,서울 중구 삼일대로12길 21, 4.4, 392,꿈나라31,21.6.11.금,"샌드위치는 맛있어요 다만, 매장내에서 먹고갈때는 접시에 놔주면 좋겠네요~폭이 좁은 박스상자에 포장 해서주니깐 먹을때 손으로 집어먹기에도 불편...",2024-04-08 - 00:49:26
281,naver,8,을지샌드,서울 중구 삼일대로12길 21, 4.4, 392,톳톳,21.7.1.목,샌드위치가 엄청 푸짐하고 깔끔해요~ 음식이 나오는데 조금 시간이 걸려요,2024-04-08 - 00:49:26
282,naver,8,을지샌드,서울 중구 삼일대로12길 21, 4.4, 392,주주녕43,21.6.26.토,맛있어요/ 가까이 있으면 좋겠네요 ㅠㅠ 자주먹고싶어요,2024-04-08 - 00:49:26
283,naver,8,을지샌드,서울 중구 삼일대로12길 21, 4.4, 392,jan****,21.10.21.목,좋아요,2024-04-08 - 00:49:26
284,naver,8,을지샌드,서울 중구 삼일대로12길 21, 4.4, 392,bmocha,21.9.3.금,마6,2024-04-08 - 00:49:26
285,naver,8,을지샌드,서울 중구 삼일대로12길 21, 4.4, 392,clara,21.10.21.목,굳,2024-04-08 - 00:49:26
286,naver,10,피앤비풍년제과 롯데백화점 본점,서울 중구 을지로 30, 4.45, 100,we****,1.17.수,"선물드리니 어른께서 좋아하셨어요
추억에 그 맛이 생각난다고 기뻐하셨습니다",2024-04-08 - 00:49:50
287,naver,10,피앤비풍년제과 롯데백화점 본점,서울 중구 을지로 30, 4.45, 100,폭탄공장,2.26.월,가까운곳에서 풍년제과 맛볼수있어서 좋아요,2024-04-08 - 00:49:50
288,naver,10,피앤비풍년제과 롯데백화점 본점,서울 중구 을지로 30, 4.45, 100,BiNi11,1.5.금,전주에 갔을 때 너무 맛이 있어서 서울에 갔을 때 있어서 들렸는데 역시 맛이 있네요. 한번씩 들려야 겠습니다.,2024-04-08 - 00:49:50
289,naver,10,피앤비풍년제과 롯데백화점 본점,서울 중구 을지로 30, 4.45, 100,우진7915,1.17.수,사장님이 정말 친절하셔서 좋았어요.,2024-04-08 - 00:49:50
290,naver,10,피앤비풍년제과 롯데백화점 본점,서울 중구 을지로 30, 4.45, 100,pin****,1.19.금,맛있는 빵,2024-04-08 - 00:49:50
291,naver,10,피앤비풍년제과 롯데백화점 본점,서울 중구 을지로 30, 4.45, 100,lea****,1.15.월,굿,2024-04-08 - 00:49:50
292,naver,10,피앤비풍년제과 롯데백화점 본점,서울 중구 을지로 30, 4.45, 100,아라4820,23.10.4.수,,2024-04-08 - 00:49:50
293,naver,10,피앤비풍년제과 롯데백화점 본점,서울 중구 을지로 30, 4.45, 100,sophie24bj,23.11.9.목,굿,2024-04-08 - 00:49:50
294,naver,10,피앤비풍년제과 롯데백화점 본점,서울 중구 을지로 30, 4.45, 100,프로듀샤4,23.6.10.토,전주에 안가도 구매할 수 있어 좋아요,2024-04-08 - 00:49:50
295,naver,10,피앤비풍년제과 롯데백화점 본점,서울 중구 을지로 30, 4.45, 100,joo3943,23.10.29.일,친절해요,2024-04-08 - 00:49:50
296,naver,10,피앤비풍년제과 롯데백화점 본점,서울 중구 을지로 30, 4.45, 100,jan****,2.26.월,먹고싶었어요ㅜㅜ,2024-04-08 - 00:49:50
297,naver,10,피앤비풍년제과 롯데백화점 본점,서울 중구 을지로 30, 4.45, 100,Blanquita,23.1.27.금,"그 유명한 초코파이 궁금해서 처음으로 먹어봤는데 
너무 기대치가 높았나봐요 ㅎㅎ 그냥 오리온 초코파
이 상위버전일 뿐 너무 달고 특별한 점은 없어요",2024-04-08 - 00:49:50
298,naver,10,피앤비풍년제과 롯데백화점 본점,서울 중구 을지로 30, 4.45, 100,cho****,23.5.8.월,맛있네요. ^^,2024-04-08 - 00:49:50
299,naver,10,피앤비풍년제과 롯데백화점 본점,서울 중구 을지로 30, 4.45, 100,레몬트리8816,23.4.15.토,좋아요,2024-04-08 - 00:49:50
300,naver,10,피앤비풍년제과 롯데백화점 본점,서울 중구 을지로 30, 4.45, 100,제이2569,23.4.15.토,좋아요 :),2024-04-08 - 00:49:50
301,naver,10,피앤비풍년제과 롯데백화점 본점,서울 중구 을지로 30, 4.45, 100,wo0****,23.3.9.목,걍,2024-04-08 - 00:49:51
302,naver,10,피앤비풍년제과 롯데백화점 본점,서울 중구 을지로 30, 4.45, 100,이토킴,23.5.26.금,굳,2024-04-08 - 00:49:51
303,naver,10,피앤비풍년제과 롯데백화점 본점,서울 중구 을지로 30, 4.45, 100,봄봄봄9274,22.5.21.토,전주 안가고 구매 가능해서 좋아요 역시 맛나요,2024-04-08 - 00:49:51
304,naver,10,피앤비풍년제과 롯데백화점 본점,서울 중구 을지로 30, 4.45, 100,닉네이무이무니다,22.7.30.토,굳,2024-04-08 - 00:49:51
305,naver,10,피앤비풍년제과 롯데백화점 본점,서울 중구 을지로 30, 4.45, 100,ro****,22.2.25.금,친절하세요 단품초코파이 종류도 다양하면 좋겠어요~,2024-04-08 - 00:49:51
306,naver,10,피앤비풍년제과 롯데백화점 본점,서울 중구 을지로 30, 4.45, 100,다래끼박,22.7.15.금,너무맛나용^^,2024-04-08 - 00:49:51
307,naver,10,피앤비풍년제과 롯데백화점 본점,서울 중구 을지로 30, 4.45, 100,bang114,22.6.16.목,굿.^^,2024-04-08 - 00:49:51
308,naver,10,피앤비풍년제과 롯데백화점 본점,서울 중구 을지로 30, 4.45, 100,도플러47,22.5.31.화,빵 맛있어요!,2024-04-08 - 00:49:51
309,naver,10,피앤비풍년제과 롯데백화점 본점,서울 중구 을지로 30, 4.45, 100,sr6870,22.3.5.토,생각날때마다 들리는 곳,2024-04-08 - 00:49:51
310,naver,10,피앤비풍년제과 롯데백화점 본점,서울 중구 을지로 30, 4.45, 100,브래드쇼37,22.3.24.목,친절하세여,2024-04-08 - 00:49:51
311,naver,10,피앤비풍년제과 롯데백화점 본점,서울 중구 을지로 30, 4.45, 100,월광아,21.12.9.목,풍년제과 초코파이 오랜만에 먹고싶어서 샀어요,2024-04-08 - 00:49:51
312,naver,10,피앤비풍년제과 롯데백화점 본점,서울 중구 을지로 30, 4.45, 100,삼선교토박이,22.3.22.화,굿,2024-04-08 - 00:49:51
313,naver,10,피앤비풍년제과 롯데백화점 본점,서울 중구 을지로 30, 4.45, 100,twh****,21.11.20.토,초코파이 넘 맛있어요 직원분도 친절하세요,2024-04-08 - 00:49:51
314,naver,10,피앤비풍년제과 롯데백화점 본점,서울 중구 을지로 30, 4.45, 100,라쎈느,21.10.1.금,역시 초코파이는 풍년제과!!,2024-04-08 - 00:49:52
315,naver,10,피앤비풍년제과 롯데백화점 본점,서울 중구 을지로 30, 4.45, 100,호원당,21.12.3.금,맛있어요,2024-04-08 - 00:49:52
316,naver,10,피앤비풍년제과 롯데백화점 본점,서울 중구 을지로 30, 4.45, 100,쿄쿄쿄1346,21.12.23.목,좋아요,2024-04-08 - 00:49:52
317,naver,10,피앤비풍년제과 롯데백화점 본점,서울 중구 을지로 30, 4.45, 100,chj****,21.11.4.목,좋아요,2024-04-08 - 00:49:52
318,naver,10,피앤비풍년제과 롯데백화점 본점,서울 중구 을지로 30, 4.45, 100,bebiko,21.3.12.금,친절,2024-04-08 - 00:49:52
319,naver,10,피앤비풍년제과 롯데백화점 본점,서울 중구 을지로 30, 4.45, 100,3goh,21.2.11.목,좋아요,2024-04-08 - 00:49:52
320,naver,10,피앤비풍년제과 롯데백화점 본점,서울 중구 을지로 30, 4.45, 100,limlim79,20.10.11.일,#풍년제과,2024-04-08 - 00:49:52
321,naver,10,피앤비풍년제과 롯데백화점 본점,서울 중구 을지로 30, 4.45, 100,수3330,21.2.11.목,좋아요,2024-04-08 - 00:49:52
322,naver,10,피앤비풍년제과 롯데백화점 본점,서울 중구 을지로 30, 4.45, 100,에너자이저6,20.9.29.화,맛있어요,2024-04-08 - 00:49:52
323,naver,10,피앤비풍년제과 롯데백화점 본점,서울 중구 을지로 30, 4.45, 100,베이요리,19.10.27.일,맛있어요,2024-04-08 - 00:49:52
324,naver,10,피앤비풍년제과 롯데백화점 본점,서울 중구 을지로 30, 4.45, 100,kimiacall,2.13.화,굿,2024-04-08 - 00:49:52
325,naver,10,피앤비풍년제과 롯데백화점 본점,서울 중구 을지로 30, 4.45, 100,kimmmio,23.3.11.토,초코파이 맛있어요,2024-04-08 - 00:49:52
326,naver,11,뀌숑,서울 중구 청파로 464 브라운스톤서울, 4.4, 129,바비부비입니다,2.21.수,점심시간에 잠깐 티타임하기 좋은 곳,2024-04-08 - 00:50:06
327,naver,11,뀌숑,서울 중구 청파로 464 브라운스톤서울, 4.4, 129,램램래미,23.2.16.목,마들렌과 식빵 맛집입니다 식빵은 가면 맨날 다 팔리고 없고.. 담엔 딴 거 말고 마들렌만 더 집어오려고요,2024-04-08 - 00:50:06
328,naver,11,뀌숑,서울 중구 청파로 464 브라운스톤서울, 4.4, 129,soljikim,22.9.2.금,"중후한 매력의 대표님이 계시는 카페 뀌숑♡ 카페라 떼 고소하고 맛나요! 베이커리 종류는 크로아상과 피 낭시에와 마들렌이 준비되어 있고, 프랑스 버...",2024-04-08 - 00:50:06
329,naver,11,뀌숑,서울 중구 청파로 464 브라운스톤서울, 4.4, 129,dao****,23.6.2.금,좋아요,2024-04-08 - 00:50:06
330,naver,11,뀌숑,서울 중구 청파로 464 브라운스톤서울, 4.4, 129,kunfupanda,22.12.2.금,프랑스식 제과점으로 르 꼬르동 블루 제과과정을 나 오신 사장님이 운영하는 곳입니다. 프랑스 파리에서 즐겨 먹었던 뺑오쇼콜라가 그리워 찾아갔습니...,2024-04-08 - 00:50:06
331,naver,11,뀌숑,서울 중구 청파로 464 브라운스톤서울, 4.4, 129,램램래미,22.12.2.금,크로아상은 그저 그랬고 마들렌이 정말 맛있었어요~ 담에 가면 마들렌 두개 살거에요😍,2024-04-08 - 00:50:06
332,naver,11,뀌숑,서울 중구 청파로 464 브라운스톤서울, 4.4, 129,ㅇㅅㅇ9242,22.11.22.화,너무 빨리 빵이 나가서 못먹어봤네요 ㅠ 커피는 맛있어요,2024-04-08 - 00:50:06
333,naver,11,뀌숑,서울 중구 청파로 464 브라운스톤서울, 4.4, 129,마구핢망,22.10.12.수,"빵향에 반해 다시 빵주문~
친절하시고 맛짱요!!",2024-04-08 - 00:50:06
334,naver,11,뀌숑,서울 중구 청파로 464 브라운스톤서울, 4.4, 129,바라15,22.12.1.목,,2024-04-08 - 00:50:06
335,naver,11,뀌숑,서울 중구 청파로 464 브라운스톤서울, 4.4, 129,가나다라아야어요,22.8.19.금,빵 냄새 좋아요ㅠㅠ 갈 때마다 친절하시고 커피도 맛있고요!,2024-04-08 - 00:50:06
336,naver,11,뀌숑,서울 중구 청파로 464 브라운스톤서울, 4.4, 129,tjs****,22.11.7.월,맛있어요,2024-04-08 - 00:50:06
337,naver,11,뀌숑,서울 중구 청파로 464 브라운스톤서울, 4.4, 129,구핑,22.8.7.일,크로와상 맛있어요,2024-04-08 - 00:50:06
338,naver,11,뀌숑,서울 중구 청파로 464 브라운스톤서울, 4.4, 129,대세맘,22.7.8.금,자주 이용하는 뀌숑 너무 맛있어요^^,2024-04-08 - 00:50:06
339,naver,11,뀌숑,서울 중구 청파로 464 브라운스톤서울, 4.4, 129,jin****,22.6.13.월,좋아요,2024-04-08 - 00:50:06
340,naver,11,뀌숑,서울 중구 청파로 464 브라운스톤서울, 4.4, 129,피쌤10,22.12.1.목,좋아요,2024-04-08 - 00:50:06
341,naver,11,뀌숑,서울 중구 청파로 464 브라운스톤서울, 4.4, 129,줌줌309,22.4.1.금,맛있어요~~,2024-04-08 - 00:50:06
342,naver,11,뀌숑,서울 중구 청파로 464 브라운스톤서울, 4.4, 129,자작나무48,22.1.21.금,아주 비싸네요,2024-04-08 - 00:50:06
343,naver,11,뀌숑,서울 중구 청파로 464 브라운스톤서울, 4.4, 129,피티에,22.1.21.금,가성비가 X,2024-04-08 - 00:50:07
344,naver,11,뀌숑,서울 중구 청파로 464 브라운스톤서울, 4.4, 129,율650,21.11.25.목,"인생 빵집🙂버터가 고급지고 맛있어요.
사장님도 친절하세요. 응원합니다.",2024-04-08 - 00:50:07
345,naver,11,뀌숑,서울 중구 청파로 464 브라운스톤서울, 4.4, 129,milou,22.2.9.수,좋아요,2024-04-08 - 00:50:07
346,naver,11,뀌숑,서울 중구 청파로 464 브라운스톤서울, 4.4, 129,뭉게구르미73,22.5.25.수,아메리카노 순해요^^,2024-04-08 - 00:50:07
347,naver,11,뀌숑,서울 중구 청파로 464 브라운스톤서울, 4.4, 129,코코3458,21.3.2.화,"장점 : 꽤 맛있음, 친절하심 단점 : 비쌈..그리고 비쌈... ., 종류가 별로 없음 뺑오쇼콜라 4300...ㅠㅠㅠ... 맛있 지만 비싸서 이제는 못사먿을듯... 수정함... 개...",2024-04-08 - 00:50:07
348,naver,11,뀌숑,서울 중구 청파로 464 브라운스톤서울, 4.4, 129,sungkongju,21.5.18.화,좋아요,2024-04-08 - 00:50:07
349,naver,11,뀌숑,서울 중구 청파로 464 브라운스톤서울, 4.4, 129,아기상어,21.2.17.수,"분위기 좋아용!!!
친절하심
!!!!",2024-04-08 - 00:50:07
350,naver,11,뀌숑,서울 중구 청파로 464 브라운스톤서울, 4.4, 129,action2,20.10.27.화,가격이 좀 있지만 맛있어요.,2024-04-08 - 00:50:07
351,naver,11,뀌숑,서울 중구 청파로 464 브라운스톤서울, 4.4, 129,action2,20.11.3.화,참 친절하세요!,2024-04-08 - 00:50:07
352,naver,11,뀌숑,서울 중구 청파로 464 브라운스톤서울, 4.4, 129,다다464,20.9.8.화,종류가 많지는 않은데 맛있어요!,2024-04-08 - 00:50:07
353,naver,11,뀌숑,서울 중구 청파로 464 브라운스톤서울, 4.4, 129,sh201405,20.9.8.화,냠냠 맛있는 빵빵 굿,2024-04-08 - 00:50:07
354,naver,11,뀌숑,서울 중구 청파로 464 브라운스톤서울, 4.4, 129,sosmoun,20.9.8.화,맛나고 좋아요 굳굳,2024-04-08 - 00:50:07
355,naver,11,뀌숑,서울 중구 청파로 464 브라운스톤서울, 4.4, 129,son****,20.10.12.월,빵맛집,2024-04-08 - 00:50:07
356,naver,11,뀌숑,서울 중구 청파로 464 브라운스톤서울, 4.4, 129,jujkiki,20.6.3.수,크루아상 진짜 맛있어요 프랑스에서 먹었던 맛 그대로예요!,2024-04-08 - 00:50:07
357,naver,11,뀌숑,서울 중구 청파로 464 브라운스톤서울, 4.4, 129,밤끼,20.4.21.화,가격이 좀 있는 편이지만 값비싼 값 하는 빵들~~~ 선물용으로도 좋고 고급진 빵 먹고싶을때 항상 가요,2024-04-08 - 00:50:07
358,naver,11,뀌숑,서울 중구 청파로 464 브라운스톤서울, 4.4, 129,마봉이87,20.6.9.화,사장님이 친절하세요,2024-04-08 - 00:50:07
359,naver,11,뀌숑,서울 중구 청파로 464 브라운스톤서울, 4.4, 129,coo****,20.3.31.화,비싸긴 하네요,2024-04-08 - 00:50:07
360,naver,11,뀌숑,서울 중구 청파로 464 브라운스톤서울, 4.4, 129,lemon5726,20.6.3.수,맛있어요,2024-04-08 - 00:50:07
361,naver,11,뀌숑,서울 중구 청파로 464 브라운스톤서울, 4.4, 129,abba0731,20.3.31.화,좋아요,2024-04-08 - 00:50:07
362,naver,11,뀌숑,서울 중구 청파로 464 브라운스톤서울, 4.4, 129,bb9563,19.2.26.화,분위기좋고 맛도 좋고 서비스 좋음,2024-04-08 - 00:50:08
363,naver,11,뀌숑,서울 중구 청파로 464 브라운스톤서울, 4.4, 129,YYong88,19.1.23.수,굳,2024-04-08 - 00:50:08
364,naver,11,뀌숑,서울 중구 청파로 464 브라운스톤서울, 4.4, 129,YYong88,19.1.23.수,맛집추천,2024-04-08 - 00:50:08
365,naver,12,슐스타드 현대시티아울렛동대문점,서울 중구 장충단로13길 20,, 187,비기,3.14.목,"5개 묶음 10,000원 행사가 자주 있어서 좋아요.",2024-04-08 - 00:50:36
366,naver,12,슐스타드 현대시티아울렛동대문점,서울 중구 장충단로13길 20,, 187,하모니80좋아,2.7.수,정말맛있어요 쿠키도 머핀도 부드럽고 촉촉하고 엄청맛있어요,2024-04-08 - 00:50:36
367,naver,12,슐스타드 현대시티아울렛동대문점,서울 중구 장충단로13길 20,, 187,행복진주2023,23.8.30.수,"앙버터 정말 맛나네요.냉장고에 넣어서 차게 먹고으
라고... 노란 크림빵은 요즘 핫한 빵이라던데 전자레
인지에 조금 넣어서 크림이 녹아서 빵에 흡수...",2024-04-08 - 00:50:36
368,naver,12,슐스타드 현대시티아울렛동대문점,서울 중구 장충단로13길 20,, 187,즐거운인생466,3.14.목,맛있는 빵집,2024-04-08 - 00:50:37
369,naver,12,슐스타드 현대시티아울렛동대문점,서울 중구 장충단로13길 20,, 187,롯데팬 입니다,1.23.화,굿,2024-04-08 - 00:50:37
370,naver,12,슐스타드 현대시티아울렛동대문점,서울 중구 장충단로13길 20,, 187,monmang,2.13.화,굿,2024-04-08 - 00:50:37
371,naver,12,슐스타드 현대시티아울렛동대문점,서울 중구 장충단로13길 20,, 187,Lady Summer,23.8.19.토,저는 아아 마셨는데 좋았어요 ☕️,2024-04-08 - 00:50:37
372,naver,12,슐스타드 현대시티아울렛동대문점,서울 중구 장충단로13길 20,, 187,AustinRichardPost,23.10.8.일,바삭하고 맛있어요,2024-04-08 - 00:50:37
373,naver,12,슐스타드 현대시티아울렛동대문점,서울 중구 장충단로13길 20,, 187,woo****,1.4.목,조아요,2024-04-08 - 00:50:37
374,naver,12,슐스타드 현대시티아울렛동대문점,서울 중구 장충단로13길 20,, 187,스컬58,23.10.26.목,귿,2024-04-08 - 00:50:37
375,naver,12,슐스타드 현대시티아울렛동대문점,서울 중구 장충단로13길 20,, 187,썸머1344,23.7.28.금,평일 저녁 지오다노 매장 남직원 혼자 일하는 것 같던 데 전화번호 남겨두고 자리 비웠길래 곧 오겠지 싶어 서 알아서 피팅룸에서 입어보고 결제하려고 기...,2024-04-08 - 00:50:37
376,naver,12,슐스타드 현대시티아울렛동대문점,서울 중구 장충단로13길 20,, 187,우영35,23.8.22.화,,2024-04-08 - 00:50:37
377,naver,12,슐스타드 현대시티아울렛동대문점,서울 중구 장충단로13길 20,, 187,hyj****,23.10.21.토,괜찮아요,2024-04-08 - 00:50:37
378,naver,12,슐스타드 현대시티아울렛동대문점,서울 중구 장충단로13길 20,, 187,꼬장25,23.7.9.일,빵이 고급지거 밋나요,2024-04-08 - 00:50:37
379,naver,12,슐스타드 현대시티아울렛동대문점,서울 중구 장충단로13길 20,, 187,sunshine1685,23.4.19.수,마침 마감시간 6시넘어 지나가다 거의 반액할인으로 샀다. 친절한 직원분이 인상적이다.빵은 내일 먹을 예정인데 맛있을듯,2024-04-08 - 00:50:37
380,naver,12,슐스타드 현대시티아울렛동대문점,서울 중구 장충단로13길 20,, 187,미소97,23.6.18.일,행사옷 좋아요,2024-04-08 - 00:50:37
381,naver,12,슐스타드 현대시티아울렛동대문점,서울 중구 장충단로13길 20,, 187,Khjghs,23.9.3.일,좋아요,2024-04-08 - 00:50:37
382,naver,12,슐스타드 현대시티아울렛동대문점,서울 중구 장충단로13길 20,, 187,머찐99,23.6.7.수,매일 할인제품이 풍성하네요,2024-04-08 - 00:50:37
383,naver,12,슐스타드 현대시티아울렛동대문점,서울 중구 장충단로13길 20,, 187,초록618,23.7.9.일,굳,2024-04-08 - 00:50:37
384,naver,12,슐스타드 현대시티아울렛동대문점,서울 중구 장충단로13길 20,, 187,비레뜨,23.7.6.목,좋아요🤭,2024-04-08 - 00:50:38
385,naver,12,슐스타드 현대시티아울렛동대문점,서울 중구 장충단로13길 20,, 187,sle****,23.6.7.수,"만원의행복이랍니다
사장님이 친절하고 재미있으세요~~^^",2024-04-08 - 00:50:38
386,naver,12,슐스타드 현대시티아울렛동대문점,서울 중구 장충단로13길 20,, 187,ㅋㅋ8569,23.10.15.일,친절해요,2024-04-08 - 00:50:38
387,naver,12,슐스타드 현대시티아울렛동대문점,서울 중구 장충단로13길 20,, 187,rn****,23.7.23.일,좋아요,2024-04-08 - 00:50:38
388,naver,12,슐스타드 현대시티아울렛동대문점,서울 중구 장충단로13길 20,, 187,sak****,23.7.13.목,갈때마다 가성비좋게 구매합니다,2024-04-08 - 00:50:38
389,naver,12,슐스타드 현대시티아울렛동대문점,서울 중구 장충단로13길 20,, 187,이유6043,23.1.20.금,명절전에 릴렉스 하기엔 너무 좋았아요^^ 담당쌤에게도 너무 감사드립니다. 피부가 재생되고 촉촉해져서 기분이 좋아요^^.,2024-04-08 - 00:50:38
390,naver,12,슐스타드 현대시티아울렛동대문점,서울 중구 장충단로13길 20,, 187,단하루1,23.3.5.일,지오다노에서 봄여름 입을 바지 세벌 저렴하게 구입했어요. 만족 행복!,2024-04-08 - 00:50:38
391,naver,12,슐스타드 현대시티아울렛동대문점,서울 중구 장충단로13길 20,, 187,아사네보,23.5.22.월,^^,2024-04-08 - 00:50:38
392,naver,12,슐스타드 현대시티아울렛동대문점,서울 중구 장충단로13길 20,, 187,as45as56,23.4.19.수,감사합니다.,2024-04-08 - 00:50:38
393,naver,12,슐스타드 현대시티아울렛동대문점,서울 중구 장충단로13길 20,, 187,as45as56,23.4.9.일,감사합니다.,2024-04-08 - 00:50:38
394,naver,12,슐스타드 현대시티아울렛동대문점,서울 중구 장충단로13길 20,, 187,야생화25,23.2.25.토,,2024-04-08 - 00:50:38
395,naver,12,슐스타드 현대시티아울렛동대문점,서울 중구 장충단로13길 20,, 187,ser****,23.5.1.월,가성비 굿,2024-04-08 - 00:50:38
396,naver,12,슐스타드 현대시티아울렛동대문점,서울 중구 장충단로13길 20,, 187,러블리한챠챠,23.6.16.금,굿,2024-04-08 - 00:50:38
397,naver,12,슐스타드 현대시티아울렛동대문점,서울 중구 장충단로13길 20,, 187,hdlee21c,23.2.26.일,빵 세트 가성비 좋아요,2024-04-08 - 00:50:38
398,naver,12,슐스타드 현대시티아울렛동대문점,서울 중구 장충단로13길 20,, 187,별장미,23.2.5.일,종종 들러요,2024-04-08 - 00:50:38
399,naver,12,슐스타드 현대시티아울렛동대문점,서울 중구 장충단로13길 20,, 187,hellorimi,22.12.24.토,가성비 좋아요,2024-04-08 - 00:50:38
400,naver,12,슐스타드 현대시티아울렛동대문점,서울 중구 장충단로13길 20,, 187,감사의효과,23.3.17.금,Good,2024-04-08 - 00:50:38
401,naver,12,슐스타드 현대시티아울렛동대문점,서울 중구 장충단로13길 20,, 187,cdi****,23.6.18.일,세일해서 삿네요,2024-04-08 - 00:50:38
402,naver,12,슐스타드 현대시티아울렛동대문점,서울 중구 장충단로13길 20,, 187,감사의효과,23.3.16.목,굿,2024-04-08 - 00:50:39
403,naver,12,슐스타드 현대시티아울렛동대문점,서울 중구 장충단로13길 20,, 187,lsh****,23.6.22.목,좋,2024-04-08 - 00:50:39
404,naver,12,슐스타드 현대시티아울렛동대문점,서울 중구 장충단로13길 20,, 187,우가우가쿵쿵,23.1.8.일,굿,2024-04-08 - 00:50:39
405,naver,12,슐스타드 현대시티아울렛동대문점,서울 중구 장충단로13길 20,, 187,JusticeAndFairness,23.1.5.목,좋아요~,2024-04-08 - 00:50:39
406,naver,12,슐스타드 현대시티아울렛동대문점,서울 중구 장충단로13길 20,, 187,상하남편,22.12.24.토,굿,2024-04-08 - 00:50:39
407,naver,12,슐스타드 현대시티아울렛동대문점,서울 중구 장충단로13길 20,, 187,행복한 2024,22.12.17.토,굿,2024-04-08 - 00:50:39
408,naver,12,슐스타드 현대시티아울렛동대문점,서울 중구 장충단로13길 20,, 187,girl4,22.12.21.수,굿,2024-04-08 - 00:50:39
409,naver,12,슐스타드 현대시티아울렛동대문점,서울 중구 장충단로13길 20,, 187,쭈나라가사공무원L4,23.1.5.목,바지 삼,2024-04-08 - 00:50:39
410,naver,12,슐스타드 현대시티아울렛동대문점,서울 중구 장충단로13길 20,, 187,꼼미83,22.11.24.목,굿,2024-04-08 - 00:50:39
411,naver,12,슐스타드 현대시티아울렛동대문점,서울 중구 장충단로13길 20,, 187,tet****,22.8.2.화,"종류 상관없이 4가지에 만원이에요 
보기보다 훨씬 맛있네요!",2024-04-08 - 00:50:39
412,naver,12,슐스타드 현대시티아울렛동대문점,서울 중구 장충단로13길 20,, 187,tta****,22.8.30.화,빵 맛나요,2024-04-08 - 00:50:39
413,naver,12,슐스타드 현대시티아울렛동대문점,서울 중구 장충단로13길 20,, 187,예뿌니니,22.10.2.일,군,2024-04-08 - 00:50:39
414,naver,12,슐스타드 현대시티아울렛동대문점,서울 중구 장충단로13길 20,, 187,우유나,22.5.19.목,마감세일로 저렴하게 삿는데 빵이 진짜 맛있음,2024-04-08 - 00:50:39
415,naver,12,슐스타드 현대시티아울렛동대문점,서울 중구 장충단로13길 20,, 187,rinnai8330,22.7.26.화,짱,2024-04-08 - 00:50:39
416,naver,12,슐스타드 현대시티아울렛동대문점,서울 중구 장충단로13길 20,, 187,졸귀탱 토댕이,22.8.11.목,굿,2024-04-08 - 00:50:39
417,naver,12,슐스타드 현대시티아울렛동대문점,서울 중구 장충단로13길 20,, 187,mk****,22.8.7.일,굿,2024-04-08 - 00:50:39
418,naver,12,슐스타드 현대시티아울렛동대문점,서울 중구 장충단로13길 20,, 187,똥글이3491,22.1.23.일,"베이글과 식빵, 불고기치아바타, 초코쿠키가 1만원!!! 너무 가성비있는 쇼핑이었어요. 가끔 가보면 오후에 행사를 하시더라구요. 전엔 에그타르트를 샀었...",2024-04-08 - 00:50:39
419,naver,12,슐스타드 현대시티아울렛동대문점,서울 중구 장충단로13길 20,, 187,mingming0309,22.6.26.일,사장님께서 친절하셔서 기분 좋았어요 빵도 맛남!,2024-04-08 - 00:50:40
420,naver,12,슐스타드 현대시티아울렛동대문점,서울 중구 장충단로13길 20,, 187,듕딱이,22.6.20.월,굿,2024-04-08 - 00:50:40
421,naver,12,슐스타드 현대시티아울렛동대문점,서울 중구 장충단로13길 20,, 187,cru****,22.5.15.일,꿀,2024-04-08 - 00:50:40
422,naver,12,슐스타드 현대시티아울렛동대문점,서울 중구 장충단로13길 20,, 187,sky****,22.5.6.금,빵들이 넘달아요,2024-04-08 - 00:50:40
423,naver,12,슐스타드 현대시티아울렛동대문점,서울 중구 장충단로13길 20,, 187,엥뿌삐망고,22.3.10.목,이벤트 할인으로 득템한 슐스타드 빵묶음! 엄청 친절하시고 빵도 맛있네요:D,2024-04-08 - 00:50:40
424,naver,12,슐스타드 현대시티아울렛동대문점,서울 중구 장충단로13길 20,, 187,mj****,22.5.28.토,굿,2024-04-08 - 00:50:40
425,naver,12,슐스타드 현대시티아울렛동대문점,서울 중구 장충단로13길 20,, 187,hko****,22.11.1.화,굿,2024-04-08 - 00:50:40
426,naver,12,슐스타드 현대시티아울렛동대문점,서울 중구 장충단로13길 20,, 187,별장미,22.6.1.수,종종 가요~,2024-04-08 - 00:50:40
427,naver,12,슐스타드 현대시티아울렛동대문점,서울 중구 장충단로13길 20,, 187,agw****,22.3.11.금,여기 정말 개 존맛탱탱탱 입니다 특히 여기는 매니 저님 맛집입니다 !! 엄청 친절하고 유머에 센스가 매 니저님 친절해서 또 오게 되요 그래두 빵은 질...,2024-04-08 - 00:50:40
428,naver,12,슐스타드 현대시티아울렛동대문점,서울 중구 장충단로13길 20,, 187,lmn****,22.5.11.수,굿,2024-04-08 - 00:50:40
429,naver,12,슐스타드 현대시티아울렛동대문점,서울 중구 장충단로13길 20,, 187,마루치1,22.6.11.토,굿,2024-04-08 - 00:50:40
430,naver,12,슐스타드 현대시티아울렛동대문점,서울 중구 장충단로13길 20,, 187,정정이000,22.6.5.일,굿,2024-04-08 - 00:50:40
431,naver,12,슐스타드 현대시티아울렛동대문점,서울 중구 장충단로13길 20,, 187,rinnai8330,22.3.4.금,빵이 맛있어요,2024-04-08 - 00:50:40
432,naver,12,슐스타드 현대시티아울렛동대문점,서울 중구 장충단로13길 20,, 187,메디토즈윙89,22.6.1.수,굿,2024-04-08 - 00:50:40
433,naver,12,슐스타드 현대시티아울렛동대문점,서울 중구 장충단로13길 20,, 187,dac****,22.4.7.목,맛있어요,2024-04-08 - 00:50:40
434,naver,12,슐스타드 현대시티아울렛동대문점,서울 중구 장충단로13길 20,, 187,금천구 찐타이쉰,22.2.27.일,할인해서 저렴하게 구매,2024-04-08 - 00:50:40
435,naver,12,슐스타드 현대시티아울렛동대문점,서울 중구 장충단로13길 20,, 187,Jjonah123,22.8.15.월,맛있어요,2024-04-08 - 00:50:40
436,naver,12,슐스타드 현대시티아울렛동대문점,서울 중구 장충단로13길 20,, 187,a131,22.4.9.토,친절하시구 크루아상너무맛있어요 ㅜ ㅜ♡,2024-04-08 - 00:50:41
437,naver,12,슐스타드 현대시티아울렛동대문점,서울 중구 장충단로13길 20,, 187,lmn****,22.5.11.수,굿,2024-04-08 - 00:50:41
438,naver,12,슐스타드 현대시티아울렛동대문점,서울 중구 장충단로13길 20,, 187,chz****,22.2.7.월,원하는 제품잇어서 조앗슴,2024-04-08 - 00:50:41
439,naver,12,슐스타드 현대시티아울렛동대문점,서울 중구 장충단로13길 20,, 187,ㅊㅎㄹ ㄹㅂ,21.11.29.월,동대문현대시티이울렛 주변엔 식빵 파는곳이 생각보 다 없어서 우연히 찾은곳인데 한번 먹은 이후로는 종 종 들려요!! 매니저님이 정말 친절하시고 매장...,2024-04-08 - 00:50:41
440,naver,12,슐스타드 현대시티아울렛동대문점,서울 중구 장충단로13길 20,, 187,mis****,22.4.9.토,좋아요,2024-04-08 - 00:50:41
441,naver,12,슐스타드 현대시티아울렛동대문점,서울 중구 장충단로13길 20,, 187,드미아,22.6.26.일,맛있어요,2024-04-08 - 00:50:41
442,naver,12,슐스타드 현대시티아울렛동대문점,서울 중구 장충단로13길 20,, 187,nmx119,22.6.6.월,굿굿 맛있어요,2024-04-08 - 00:50:41
443,naver,12,슐스타드 현대시티아울렛동대문점,서울 중구 장충단로13길 20,, 187,쭈니맘1393,22.6.18.토,좋아요,2024-04-08 - 00:50:41
444,naver,12,슐스타드 현대시티아울렛동대문점,서울 중구 장충단로13길 20,, 187,hee5044,22.2.9.수,굿,2024-04-08 - 00:50:41
445,naver,12,슐스타드 현대시티아울렛동대문점,서울 중구 장충단로13길 20,, 187,wnseung,22.2.19.토,굿,2024-04-08 - 00:50:41
446,naver,12,슐스타드 현대시티아울렛동대문점,서울 중구 장충단로13길 20,, 187,agw****,22.3.12.토,맛나요 좋아요,2024-04-08 - 00:50:41
447,naver,12,슐스타드 현대시티아울렛동대문점,서울 중구 장충단로13길 20,, 187,구멍난 면바지,22.3.12.토,굿,2024-04-08 - 00:50:41
448,naver,12,슐스타드 현대시티아울렛동대문점,서울 중구 장충단로13길 20,, 187,세상을 빛낼 이름 흐이자,22.4.16.토,좋아요,2024-04-08 - 00:50:41
449,naver,12,슐스타드 현대시티아울렛동대문점,서울 중구 장충단로13길 20,, 187,kmh****,22.4.9.토,좋아요,2024-04-08 - 00:50:41
450,naver,12,슐스타드 현대시티아울렛동대문점,서울 중구 장충단로13길 20,, 187,똥글이3491,21.10.24.일,맛있어요.,2024-04-08 - 00:50:41
451,naver,12,슐스타드 현대시티아울렛동대문점,서울 중구 장충단로13길 20,, 187,cjh****,21.10.24.일,맛있네요.,2024-04-08 - 00:50:41
452,naver,12,슐스타드 현대시티아울렛동대문점,서울 중구 장충단로13길 20,, 187,gpd****,22.5.28.토,ㅇㅋ,2024-04-08 - 00:50:41
453,naver,12,슐스타드 현대시티아울렛동대문점,서울 중구 장충단로13길 20,, 187,엄토이모,21.7.16.금,좋아요,2024-04-08 - 00:50:41
454,naver,12,슐스타드 현대시티아울렛동대문점,서울 중구 장충단로13길 20,, 187,jis****,20.11.21.토,굿,2024-04-08 - 00:50:42
455,naver,13,델리카트슨,서울 중구 소공로 63 신세계백화점 본점 신관 지하 1층, 4.21, 15,희상군,23.11.27.월,굿,2024-04-08 - 00:50:52
456,naver,13,델리카트슨,서울 중구 소공로 63 신세계백화점 본점 신관 지하 1층, 4.21, 15,shu****,20.12.9.수,염소치즈. 비싸지만 맛있다,2024-04-08 - 00:50:52
457,naver,13,델리카트슨,서울 중구 소공로 63 신세계백화점 본점 신관 지하 1층, 4.21, 15,lak****,21.1.9.토,친절하셨어요!,2024-04-08 - 00:50:52
458,naver,13,델리카트슨,서울 중구 소공로 63 신세계백화점 본점 신관 지하 1층, 4.21, 15,훔훔53,20.11.5.목,치즈 행사 ㅡ 마트보다 저렴해요. 일부상품에 한해서 !,2024-04-08 - 00:50:52
459,naver,13,델리카트슨,서울 중구 소공로 63 신세계백화점 본점 신관 지하 1층, 4.21, 15,KangReality,20.11.4.수,굿,2024-04-08 - 00:50:52
460,naver,13,델리카트슨,서울 중구 소공로 63 신세계백화점 본점 신관 지하 1층, 4.21, 15,하이유미,20.8.14.금,스프맛집 어니언스프 꼭드세요,2024-04-08 - 00:50:52
461,naver,15,서울로7017수국식빵,서울 중구 세종대로 2 서울역 1호선, 4.24, 52,흑장미3238,21.7.4.일,"맛나고ㆍ뷰
좋아요",2024-04-08 - 00:51:10
462,naver,15,서울로7017수국식빵,서울 중구 세종대로 2 서울역 1호선, 4.24, 52,혜우너31,21.6.19.토,산책하다 들럿어요 좋네용 커피맛 굿,2024-04-08 - 00:51:10
463,naver,15,서울로7017수국식빵,서울 중구 세종대로 2 서울역 1호선, 4.24, 52,귀엽둥이7,21.9.30.목,굿,2024-04-08 - 00:51:10
464,naver,15,서울로7017수국식빵,서울 중구 세종대로 2 서울역 1호선, 4.24, 52,hyuni21,21.6.13.일,"다리위카페
조금 더 청결하면 좋겠습니다",2024-04-08 - 00:51:10
465,naver,15,서울로7017수국식빵,서울 중구 세종대로 2 서울역 1호선, 4.24, 52,영수증주새오,21.4.6.화,캡슐커피지만 저렴하고 맛도 괜찮아요,2024-04-08 - 00:51:10
466,naver,15,서울로7017수국식빵,서울 중구 세종대로 2 서울역 1호선, 4.24, 52,하나8345,21.3.12.금,깨끗하고 저렴해요,2024-04-08 - 00:51:10
467,naver,15,서울로7017수국식빵,서울 중구 세종대로 2 서울역 1호선, 4.24, 52,연뿌리,21.6.1.화,맛있어요,2024-04-08 - 00:51:10
468,naver,15,서울로7017수국식빵,서울 중구 세종대로 2 서울역 1호선, 4.24, 52,Traveler48,20.11.18.수,"서울로7017 수국전망대 너무 좋습니다
또 가고싶어요 ㅎㅎ",2024-04-08 - 00:51:11
469,naver,15,서울로7017수국식빵,서울 중구 세종대로 2 서울역 1호선, 4.24, 52,fuc****,21.5.21.금,보통,2024-04-08 - 00:51:11
470,naver,15,서울로7017수국식빵,서울 중구 세종대로 2 서울역 1호선, 4.24, 52,하나8345,21.3.4.목,깨끗해요,2024-04-08 - 00:51:11
471,naver,15,서울로7017수국식빵,서울 중구 세종대로 2 서울역 1호선, 4.24, 52,김여사1918,20.11.17.화,"정말 경치도 좋고 커피도 싸고맛나요 힐링하고 갑니
다 강추요 직원분도 매우 친절합니다^^",2024-04-08 - 00:51:11
472,naver,15,서울로7017수국식빵,서울 중구 세종대로 2 서울역 1호선, 4.24, 52,YEon,20.9.28.월,맛있어요,2024-04-08 - 00:51:11
473,naver,16,화미가 신세계백화점 본점,서울 중구 퇴계로 77 신관 지하 1층,, 6,나1341,20.1.24.금,맛있어요 완전 고급지고!,2024-04-08 - 00:51:21
474,naver,18,호두당 신당역점,"서울 중구 퇴계로 431-1 신당역 지하1층 2,3번출구쪽",, 143,eun4062,23.12.1.금,"호두알도 크고 팥도 가득 들어 있고, 호두과자 반죽도
우유와 달걀이 들어가서 맛있어요. 호두 과자 종류도
다양해요. 호두당 신당역점 자주 이용하고 있...",2024-04-08 - 00:52:00
475,naver,18,호두당 신당역점,"서울 중구 퇴계로 431-1 신당역 지하1층 2,3번출구쪽",, 143,아히49,2.7.수,슈크림이 들어있는 녀석들이 참으로 맛있었씁니다 :),2024-04-08 - 00:52:00
476,naver,18,호두당 신당역점,"서울 중구 퇴계로 431-1 신당역 지하1층 2,3번출구쪽",, 143,eun4062,23.11.1.수,"호두알도 크고 신선하고, 팥도 듬뿍 들어있고, 바삭하고 맛있어요.",2024-04-08 - 00:52:00
477,naver,18,호두당 신당역점,"서울 중구 퇴계로 431-1 신당역 지하1층 2,3번출구쪽",, 143,ㅈ2,23.11.27.월,"신당역 들어오자마자 퍼지는 호두과자 냄새,, 어떻게 안사먹어요👍🏻👍🏻 사장님 친절하시고 슈크림맛 많이 안달고 맛있어요~~",2024-04-08 - 00:52:00
478,naver,18,호두당 신당역점,"서울 중구 퇴계로 431-1 신당역 지하1층 2,3번출구쪽",, 143,오늘부터콜렉터,1.2.화,문 안열려있을때가많아요 ㅠ,2024-04-08 - 00:52:00
479,naver,18,호두당 신당역점,"서울 중구 퇴계로 431-1 신당역 지하1층 2,3번출구쪽",, 143,싱그러운 꼬부기,23.12.11.월,미니 붕어빵 맛있어여,2024-04-08 - 00:52:00
480,naver,18,호두당 신당역점,"서울 중구 퇴계로 431-1 신당역 지하1층 2,3번출구쪽",, 143,eun4062,23.9.4.월,"호두도 큰알이 들어가 있고, 팥도 많이들어가 있고 따뜻하고 맛있어요.",2024-04-08 - 00:52:01
481,naver,18,호두당 신당역점,"서울 중구 퇴계로 431-1 신당역 지하1층 2,3번출구쪽",, 143,ponkey1004,23.11.6.월,호두당 호두과자 맛있어요.,2024-04-08 - 00:52:01
482,naver,18,호두당 신당역점,"서울 중구 퇴계로 431-1 신당역 지하1층 2,3번출구쪽",, 143,유리히메42,23.11.23.목,맛있어요,2024-04-08 - 00:52:01
483,naver,18,호두당 신당역점,"서울 중구 퇴계로 431-1 신당역 지하1층 2,3번출구쪽",, 143,서로서로사랑하기,23.12.11.월,굿,2024-04-08 - 00:52:01
484,naver,18,호두당 신당역점,"서울 중구 퇴계로 431-1 신당역 지하1층 2,3번출구쪽",, 143,ONandOFF,23.12.1.금,좋아요,2024-04-08 - 00:52:01
485,naver,18,호두당 신당역점,"서울 중구 퇴계로 431-1 신당역 지하1층 2,3번출구쪽",, 143,chw****,23.11.30.목,좋아요,2024-04-08 - 00:52:01
486,naver,18,호두당 신당역점,"서울 중구 퇴계로 431-1 신당역 지하1층 2,3번출구쪽",, 143,린다쪼꼬복서,23.4.4.화,"미니붕어빵 귀욥.
밖에선 큰거 3개천원이라 비싼거아냐?
생각했는데 쫀득한 식감때문에 맛있게먹었네요",2024-04-08 - 00:52:01
487,naver,18,호두당 신당역점,"서울 중구 퇴계로 431-1 신당역 지하1층 2,3번출구쪽",, 143,jslee0724,23.10.3.화,굿,2024-04-08 - 00:52:01
488,naver,18,호두당 신당역점,"서울 중구 퇴계로 431-1 신당역 지하1층 2,3번출구쪽",, 143,상꾸우,23.3.29.수,"지하철 역사마다 꼭 있는 호두과자,,, 찾으려면 안보
이더니 오늘 때마침 있어서 얼른 치즈/슈크림으로 구
매했어요.. 역시... 식어도 맛있는 너... 우리집 ...",2024-04-08 - 00:52:01
489,naver,18,호두당 신당역점,"서울 중구 퇴계로 431-1 신당역 지하1층 2,3번출구쪽",, 143,유쉥,23.2.1.수,"이름은 호두당! 호두과자는 바로먹으면 겉바속촉🤪 
짱 맛있어요 하지만 여기의 숨은맛돌이는 붕어빵 쫀
덕쫀덕 존맛탱구리 간간히 퇴근할때 사먹어요",2024-04-08 - 00:52:01
490,naver,18,호두당 신당역점,"서울 중구 퇴계로 431-1 신당역 지하1층 2,3번출구쪽",, 143,마이쭈로,23.5.16.화,신당역 3번 출구 나가는 개찰구 인근. 팥호두 슈호두 치즈호두 독특합니다.,2024-04-08 - 00:52:01
491,naver,18,호두당 신당역점,"서울 중구 퇴계로 431-1 신당역 지하1층 2,3번출구쪽",, 143,HAPPY8282,23.4.11.화,"팥, 슈, 치즈 호두 메뉴가 다양하고 맛있네요",2024-04-08 - 00:52:01
492,naver,18,호두당 신당역점,"서울 중구 퇴계로 431-1 신당역 지하1층 2,3번출구쪽",, 143,yea****,23.2.13.월,맛있어요~ 친절하세요 앙버터는 한정판매래요,2024-04-08 - 00:52:01
493,naver,18,호두당 신당역점,"서울 중구 퇴계로 431-1 신당역 지하1층 2,3번출구쪽",, 143,탁구공11,23.3.29.수,치즈가 들어있는 호두과자 특이하게 맛있습니다 식은 후에도 치즈가 맛있습니다,2024-04-08 - 00:52:01
494,naver,18,호두당 신당역점,"서울 중구 퇴계로 431-1 신당역 지하1층 2,3번출구쪽",, 143,히브리어,23.2.13.월,너무 바삭하고 적당히 달고 맛있어요!,2024-04-08 - 00:52:01
495,naver,18,호두당 신당역점,"서울 중구 퇴계로 431-1 신당역 지하1층 2,3번출구쪽",, 143,dms****,23.3.3.금,항상 지인들 방문때 꼭 사서가요.,2024-04-08 - 00:52:01
496,naver,18,호두당 신당역점,"서울 중구 퇴계로 431-1 신당역 지하1층 2,3번출구쪽",, 143,철암이,22.12.22.목,신당역 내릴때마다 한번씩 구입하는데 갈때마다 슈크림 품절이라 아쉬웠는데 오늘은 일찍 와서 성공했어요!!!,2024-04-08 - 00:52:01
497,naver,18,호두당 신당역점,"서울 중구 퇴계로 431-1 신당역 지하1층 2,3번출구쪽",, 143,유쉥,23.1.27.금,붕어빵 맛돌이🔅,2024-04-08 - 00:52:01
498,naver,18,호두당 신당역점,"서울 중구 퇴계로 431-1 신당역 지하1층 2,3번출구쪽",, 143,kwj****,22.11.9.수,사장님도 친절하시고 붕어빵 바로 구워서 주셨을때는 진짜 쫀맛! 식어도 맛있지만 무조건 받자마자 드세요!!,2024-04-08 - 00:52:02
499,naver,18,호두당 신당역점,"서울 중구 퇴계로 431-1 신당역 지하1층 2,3번출구쪽",, 143,dms****,23.1.5.목,바로바로 구운거 살수있어 좋ㅣㆍ요.ㅇ,2024-04-08 - 00:52:02
500,naver,18,호두당 신당역점,"서울 중구 퇴계로 431-1 신당역 지하1층 2,3번출구쪽",, 143,hde****,22.12.29.목,쫀득쫀득 맛있어요,2024-04-08 - 00:52:02
501,naver,18,호두당 신당역점,"서울 중구 퇴계로 431-1 신당역 지하1층 2,3번출구쪽",, 143,도도당당ycs,22.12.16.금,"호두빵. 작은 붕어빵
정말 맛있어요",2024-04-08 - 00:52:02
502,naver,18,호두당 신당역점,"서울 중구 퇴계로 431-1 신당역 지하1층 2,3번출구쪽",, 143,ㅇㄷㅇㅋ,22.11.18.금,출출할때 맛잇게 잘 먹엇습니다!,2024-04-08 - 00:52:02
503,naver,18,호두당 신당역점,"서울 중구 퇴계로 431-1 신당역 지하1층 2,3번출구쪽",, 143,ㅇㄷㅇㅋ,22.12.6.화,반죽이 살짝 퍼석해요ㅠ,2024-04-08 - 00:52:02
504,naver,18,호두당 신당역점,"서울 중구 퇴계로 431-1 신당역 지하1층 2,3번출구쪽",, 143,dud****,23.3.11.토,좋아요,2024-04-08 - 00:52:02
505,naver,18,호두당 신당역점,"서울 중구 퇴계로 431-1 신당역 지하1층 2,3번출구쪽",, 143,뽀대간zi,23.2.16.목,생각보다 맛이 연한… 안에 호두도 짱 큼,2024-04-08 - 00:52:02
506,naver,18,호두당 신당역점,"서울 중구 퇴계로 431-1 신당역 지하1층 2,3번출구쪽",, 143,임매력님님,23.1.3.화,그냥 그래요 특별한맛은 없는거같아요,2024-04-08 - 00:52:02
507,naver,18,호두당 신당역점,"서울 중구 퇴계로 431-1 신당역 지하1층 2,3번출구쪽",, 143,p4240671,22.11.24.목,너무 달지않고 맛있어요~~호두가 들어있어 영양까지 챙겨지네요^^,2024-04-08 - 00:52:02
508,naver,18,호두당 신당역점,"서울 중구 퇴계로 431-1 신당역 지하1층 2,3번출구쪽",, 143,wwo****,22.10.6.목,호두 맛있어요~^^,2024-04-08 - 00:52:02
509,naver,18,호두당 신당역점,"서울 중구 퇴계로 431-1 신당역 지하1층 2,3번출구쪽",, 143,Amore amore,22.11.30.수,굿,2024-04-08 - 00:52:02
510,naver,18,호두당 신당역점,"서울 중구 퇴계로 431-1 신당역 지하1층 2,3번출구쪽",, 143,용산역노숙자,22.11.23.수,좋아요,2024-04-08 - 00:52:02
511,naver,18,호두당 신당역점,"서울 중구 퇴계로 431-1 신당역 지하1층 2,3번출구쪽",, 143,영포영포,22.10.21.금,,2024-04-08 - 00:52:02
512,naver,18,호두당 신당역점,"서울 중구 퇴계로 431-1 신당역 지하1층 2,3번출구쪽",, 143,하늘뫼,22.7.27.수,"딱딱해서 먹기 조금 힘듬. 겉은 바삭하고 속은 부드
러운 호두과자를 선호하는데 여기는 빵부분이 단단하
고 두꺼움. 비슷한 호두과자 체인점에 비하면 ...",2024-04-08 - 00:52:02
513,naver,18,호두당 신당역점,"서울 중구 퇴계로 431-1 신당역 지하1층 2,3번출구쪽",, 143,SOOKYOUN,22.12.7.수,조아요,2024-04-08 - 00:52:02
514,naver,18,호두당 신당역점,"서울 중구 퇴계로 431-1 신당역 지하1층 2,3번출구쪽",, 143,kabbe74,22.10.2.일,맛있는 호두과자,2024-04-08 - 00:52:02
515,naver,18,호두당 신당역점,"서울 중구 퇴계로 431-1 신당역 지하1층 2,3번출구쪽",, 143,dus****,22.7.12.화,만들어주시는분이 바꼈는데 안에 빈곳 없이 잘 만들어주시는것 같아요 맛있습니다,2024-04-08 - 00:52:02
516,naver,18,호두당 신당역점,"서울 중구 퇴계로 431-1 신당역 지하1층 2,3번출구쪽",, 143,WAVE84,22.11.23.수,굳,2024-04-08 - 00:52:02
517,naver,18,호두당 신당역점,"서울 중구 퇴계로 431-1 신당역 지하1층 2,3번출구쪽",, 143,쫑밍,22.11.11.금,굿,2024-04-08 - 00:52:03
518,naver,18,호두당 신당역점,"서울 중구 퇴계로 431-1 신당역 지하1층 2,3번출구쪽",, 143,dor****,22.8.10.수,따뜻하게 구워주셔서 맛있게 먹었습니다❤,2024-04-08 - 00:52:03
519,naver,18,호두당 신당역점,"서울 중구 퇴계로 431-1 신당역 지하1층 2,3번출구쪽",, 143,hassustar,22.11.25.금,아침에 계신분 친절,2024-04-08 - 00:52:03
520,naver,18,호두당 신당역점,"서울 중구 퇴계로 431-1 신당역 지하1층 2,3번출구쪽",, 143,유리하늘37,22.6.21.화,바삭하고 고소하니 맛있어요,2024-04-08 - 00:52:03
521,naver,18,호두당 신당역점,"서울 중구 퇴계로 431-1 신당역 지하1층 2,3번출구쪽",, 143,dor****,22.7.16.토,겉바속촉 호두과자♡,2024-04-08 - 00:52:03
522,naver,18,호두당 신당역점,"서울 중구 퇴계로 431-1 신당역 지하1층 2,3번출구쪽",, 143,켁1,22.8.1.월,넵,2024-04-08 - 00:52:03
523,naver,18,호두당 신당역점,"서울 중구 퇴계로 431-1 신당역 지하1층 2,3번출구쪽",, 143,vkf****,22.8.19.금,굿,2024-04-08 - 00:52:03
524,naver,18,호두당 신당역점,"서울 중구 퇴계로 431-1 신당역 지하1층 2,3번출구쪽",, 143,킹갓수65,22.8.15.월,굿,2024-04-08 - 00:52:03
525,naver,18,호두당 신당역점,"서울 중구 퇴계로 431-1 신당역 지하1층 2,3번출구쪽",, 143,111****,22.6.30.목,굿,2024-04-08 - 00:52:03
526,naver,18,호두당 신당역점,"서울 중구 퇴계로 431-1 신당역 지하1층 2,3번출구쪽",, 143,dus****,22.3.15.화,오래 있다 먹어도 바삭하고 맛있어요,2024-04-08 - 00:52:03
527,naver,18,호두당 신당역점,"서울 중구 퇴계로 431-1 신당역 지하1층 2,3번출구쪽",, 143,lkh****,22.9.17.토,맛있어요~,2024-04-08 - 00:52:03
528,naver,18,호두당 신당역점,"서울 중구 퇴계로 431-1 신당역 지하1층 2,3번출구쪽",, 143,알렉스088,22.3.17.목,호두 홀릭~♡,2024-04-08 - 00:52:03
529,naver,18,호두당 신당역점,"서울 중구 퇴계로 431-1 신당역 지하1층 2,3번출구쪽",, 143,알렉스088,22.3.23.수,굿~^^,2024-04-08 - 00:52:03
530,naver,18,호두당 신당역점,"서울 중구 퇴계로 431-1 신당역 지하1층 2,3번출구쪽",, 143,kim549561,22.3.16.수,좋아요.,2024-04-08 - 00:52:03
531,naver,18,호두당 신당역점,"서울 중구 퇴계로 431-1 신당역 지하1층 2,3번출구쪽",, 143,WHiteOut,22.4.7.목,굳,2024-04-08 - 00:52:03
532,naver,18,호두당 신당역점,"서울 중구 퇴계로 431-1 신당역 지하1층 2,3번출구쪽",, 143,소망319,22.4.7.목,굿,2024-04-08 - 00:52:03
533,naver,18,호두당 신당역점,"서울 중구 퇴계로 431-1 신당역 지하1층 2,3번출구쪽",, 143,기쁨조이,22.2.24.목,굿,2024-04-08 - 00:52:03
534,naver,18,호두당 신당역점,"서울 중구 퇴계로 431-1 신당역 지하1층 2,3번출구쪽",, 143,툭툭툭,22.3.28.월,굿,2024-04-08 - 00:52:04
535,naver,18,호두당 신당역점,"서울 중구 퇴계로 431-1 신당역 지하1층 2,3번출구쪽",, 143,ch****,22.3.15.화,굿,2024-04-08 - 00:52:04
536,naver,18,호두당 신당역점,"서울 중구 퇴계로 431-1 신당역 지하1층 2,3번출구쪽",, 143,업그레이드a,22.3.1.화,굿,2024-04-08 - 00:52:04
537,naver,18,호두당 신당역점,"서울 중구 퇴계로 431-1 신당역 지하1층 2,3번출구쪽",, 143,all1976,22.2.24.목,좋아요!,2024-04-08 - 00:52:04
538,naver,18,호두당 신당역점,"서울 중구 퇴계로 431-1 신당역 지하1층 2,3번출구쪽",, 143,par****,22.6.25.토,굿,2024-04-08 - 00:52:04
539,naver,18,호두당 신당역점,"서울 중구 퇴계로 431-1 신당역 지하1층 2,3번출구쪽",, 143,gih****,22.3.12.토,팥 붕어빵이 맛있어요,2024-04-08 - 00:52:04
540,naver,20,반얀트리클럽&스파서울 델리앤,서울 중구 장충단로 60 반얀트리 클럽 앤 스파 서울,, 3,KSL1,22.12.9.금,간단하지만 조금 특별한 선물이 될 수 있습니다.,2024-04-08 - 00:52:26
541,naver,20,반얀트리클럽&스파서울 델리앤,서울 중구 장충단로 60 반얀트리 클럽 앤 스파 서울,, 3,KSL1,22.11.26.토,Jelly Candy Box 선물용으로 좋습니다.,2024-04-08 - 00:52:26
542,naver,21,강성은명과 롯데백화점 본점,서울 중구 을지로 30,, 52,초코빵475,2.24.토,정월대보름이라 부럼개념으로 친구들이랑 같이 먹을 만 한 걸 찾다가 견과류 튀일 9종을 하나씩 샀는데 바삭바삭하고 맛있었어요.,2024-04-08 - 00:52:38
543,naver,21,강성은명과 롯데백화점 본점,서울 중구 을지로 30,, 52,민땡스66,23.9.11.월,"추석선물뭘할지 고르려 방문한 롯데본점 에서
강성은명과제품 구입전 2가지 제품 사서먹어보았어요
괜챦더군요
어머님 드셔보시게했는데 맛있고 선물로괜챦다고하셔서 낙점했지요
매장보심 깔끔하니 선물포장도 괜챦아서 좋았어요",2024-04-08 - 00:52:38
544,naver,21,강성은명과 롯데백화점 본점,서울 중구 을지로 30,, 52,브라우니15,23.3.3.금,선물용으로,2024-04-08 - 00:52:38
545,naver,21,강성은명과 롯데백화점 본점,서울 중구 을지로 30,, 52,ia****,23.1.20.금,친절해요,2024-04-08 - 00:52:38
546,naver,21,강성은명과 롯데백화점 본점,서울 중구 을지로 30,, 52,잘먹고잘노는법,22.6.5.일,롯데백화점 MVG라운지에서 나눠주신 아몬드과자가 맛있어서 어디껀지 여쭤봤더니 강성은명과에서 판매 하는 아몬드튀일 이라고 하셔서 매장에서 따로...,2024-04-08 - 00:52:38
547,naver,21,강성은명과 롯데백화점 본점,서울 중구 을지로 30,, 52,아르페지오ne,22.11.11.금,좋아요,2024-04-08 - 00:52:38
548,naver,21,강성은명과 롯데백화점 본점,서울 중구 을지로 30,, 52,anh****,22.9.27.화,좋아요,2024-04-08 - 00:52:39
549,naver,21,강성은명과 롯데백화점 본점,서울 중구 을지로 30,, 52,wo0****,22.7.10.일,걍,2024-04-08 - 00:52:39
550,naver,21,강성은명과 롯데백화점 본점,서울 중구 을지로 30,, 52,Cherrypink,22.6.7.화,굿,2024-04-08 - 00:52:39
551,naver,21,강성은명과 롯데백화점 본점,서울 중구 을지로 30,, 52,으녀미42,22.4.1.금,굿,2024-04-08 - 00:52:39
552,naver,22,강릉육쪽마늘빵,서울 중구 장충단로 275, 4.56, 20,현우킴,21.2.26.금,그닥ㅋ,2024-04-08 - 00:52:49
553,naver,23,달콤한위로 신세계백화점 본점,서울 중구 소공로 63,, 59,새벽냄새,22.8.4.목,도넛 겉피가 퐁신하고 크림이 풍부하게 들어가있어요,2024-04-08 - 00:53:02
554,naver,23,달콤한위로 신세계백화점 본점,서울 중구 소공로 63,, 59,가락4788,22.8.2.화,도넛이 다양하고 부드럽고 달콤해요 :),2024-04-08 - 00:53:02
555,naver,23,달콤한위로 신세계백화점 본점,서울 중구 소공로 63,, 59,illililliiillliliiil,22.9.4.일,가성비 없어요 그냥 던킨 맛,2024-04-08 - 00:53:02
556,naver,23,달콤한위로 신세계백화점 본점,서울 중구 소공로 63,, 59,뚜5490,22.7.21.목,크림이 맛잇어요~!,2024-04-08 - 00:53:02
557,naver,23,달콤한위로 신세계백화점 본점,서울 중구 소공로 63,, 59,강소이0,22.5.1.일,좋아요,2024-04-08 - 00:53:02
558,naver,23,달콤한위로 신세계백화점 본점,서울 중구 소공로 63,, 59,또리꺼87,22.7.14.목,맛나요,2024-04-08 - 00:53:02
559,naver,23,달콤한위로 신세계백화점 본점,서울 중구 소공로 63,, 59,유쾌한HA씨,22.5.5.목,,2024-04-08 - 00:53:02
560,naver,23,달콤한위로 신세계백화점 본점,서울 중구 소공로 63,, 59,롱팔코끼리,22.7.4.월,조아요,2024-04-08 - 00:53:02
561,naver,23,달콤한위로 신세계백화점 본점,서울 중구 소공로 63,, 59,룰루난나NOW,22.8.11.목,맛있어요~,2024-04-08 - 00:53:02
562,naver,23,달콤한위로 신세계백화점 본점,서울 중구 소공로 63,, 59,cco****,22.2.4.금,매우 친절하시나 도넛의 맛은 쏘쏘..,2024-04-08 - 00:53:02
563,naver,28,Nuts cafe,서울 중구 을지로 58, 4.45, 127,rea****,23.12.16.토,맛있어요,2024-04-08 - 00:54:00
564,naver,28,Nuts cafe,서울 중구 을지로 58, 4.45, 127,뽀리랑,23.10.7.토,조아요,2024-04-08 - 00:54:00
565,naver,28,Nuts cafe,서울 중구 을지로 58, 4.45, 127,jya0519,23.8.24.목,굿,2024-04-08 - 00:54:00
566,naver,28,Nuts cafe,서울 중구 을지로 58, 4.45, 127,하와유아포카토,23.7.5.수,맛있는 네이버 구내식당,2024-04-08 - 00:54:00
567,naver,28,Nuts cafe,서울 중구 을지로 58, 4.45, 127,dsl****,23.8.24.목,굿,2024-04-08 - 00:54:00
568,naver,28,Nuts cafe,서울 중구 을지로 58, 4.45, 127,red****,23.5.12.금,무인매장이라 이용하기 편리하고 할인도 자주해요,2024-04-08 - 00:54:00
569,naver,28,Nuts cafe,서울 중구 을지로 58, 4.45, 127,dlw****,23.5.12.금,네이버 1784에서 고갈비를 먹었어요.,2024-04-08 - 00:54:00
570,naver,28,Nuts cafe,서울 중구 을지로 58, 4.45, 127,오아옹오,23.6.22.목,굿,2024-04-08 - 00:54:00
571,naver,28,Nuts cafe,서울 중구 을지로 58, 4.45, 127,오아옹오,23.6.21.수,굿,2024-04-08 - 00:54:01
572,naver,28,Nuts cafe,서울 중구 을지로 58, 4.45, 127,하와유아포카토,23.5.24.수,좋네요,2024-04-08 - 00:54:01
573,naver,28,Nuts cafe,서울 중구 을지로 58, 4.45, 127,skk****,23.4.11.화,학식,2024-04-08 - 00:54:01
574,naver,28,Nuts cafe,서울 중구 을지로 58, 4.45, 127,DDHAI,23.1.28.토,사람 넘 많음. 뷰는 좋다,2024-04-08 - 00:54:01
575,naver,28,Nuts cafe,서울 중구 을지로 58, 4.45, 127,뽀2994,23.3.8.수,굿,2024-04-08 - 00:54:01
576,naver,28,Nuts cafe,서울 중구 을지로 58, 4.45, 127,kwa****,23.5.11.목,,2024-04-08 - 00:54:01
577,naver,28,Nuts cafe,서울 중구 을지로 58, 4.45, 127,카리스마9194,23.3.16.목,굿,2024-04-08 - 00:54:01
578,naver,28,Nuts cafe,서울 중구 을지로 58, 4.45, 127,콩깍지7917,23.3.10.금,잘 마셨어요!!,2024-04-08 - 00:54:01
579,naver,28,Nuts cafe,서울 중구 을지로 58, 4.45, 127,혜원정,22.9.28.수,맛있어요~,2024-04-08 - 00:54:01
580,naver,28,Nuts cafe,서울 중구 을지로 58, 4.45, 127,Amistad19,21.4.17.토,그럭저럭이에요!,2024-04-08 - 00:54:01
581,naver,28,Nuts cafe,서울 중구 을지로 58, 4.45, 127,kwfamily2,21.4.13.화,굿,2024-04-08 - 00:54:01
582,naver,28,Nuts cafe,서울 중구 을지로 58, 4.45, 127,kwfamily2,21.4.11.일,굳,2024-04-08 - 00:54:01
583,naver,28,Nuts cafe,서울 중구 을지로 58, 4.45, 127,ref****,21.3.23.화,좋아요,2024-04-08 - 00:54:01
584,naver,28,Nuts cafe,서울 중구 을지로 58, 4.45, 127,스마일8970,21.5.18.화,친절해요,2024-04-08 - 00:54:01
585,naver,28,Nuts cafe,서울 중구 을지로 58, 4.45, 127,cho****,21.4.26.월,오아요,2024-04-08 - 00:54:01
586,naver,28,Nuts cafe,서울 중구 을지로 58, 4.45, 127,안정란,21.3.26.금,좋아요,2024-04-08 - 00:54:01
587,naver,28,Nuts cafe,서울 중구 을지로 58, 4.45, 127,안정란,21.3.22.월,좋아요,2024-04-08 - 00:54:01
588,naver,28,Nuts cafe,서울 중구 을지로 58, 4.45, 127,lhc****,21.3.25.목,좋아요,2024-04-08 - 00:54:01
589,naver,28,Nuts cafe,서울 중구 을지로 58, 4.45, 127,안정란,21.3.20.토,좋아요,2024-04-08 - 00:54:02
590,naver,29,웰빙쌀빵 신당역점,"서울 중구 다산로 260 , 지하2001호", 4.35, 240,꽃그린63,21.11.8.월,굿,2024-04-08 - 00:54:24
591,naver,29,웰빙쌀빵 신당역점,"서울 중구 다산로 260 , 지하2001호", 4.35, 240,뾰족귀강아지,21.7.8.목,빵 종류도 다양하고 맛있어요❣,2024-04-08 - 00:54:24
592,naver,29,웰빙쌀빵 신당역점,"서울 중구 다산로 260 , 지하2001호", 4.35, 240,gaeunc,21.6.18.금,매일 지나가면서 크로플 궁금해서 먹어봤는데.. 구어놓은지 꾀 된것 같은 느낌이어서 먹긴먹었는데 다신 안먹을거 같습니다^^,2024-04-08 - 00:54:24
593,naver,29,웰빙쌀빵 신당역점,"서울 중구 다산로 260 , 지하2001호", 4.35, 240,너구리리리리,21.6.19.토,크로플 생각보다 맛있어요,2024-04-08 - 00:54:24
594,naver,29,웰빙쌀빵 신당역점,"서울 중구 다산로 260 , 지하2001호", 4.35, 240,쫀맛탱콜렉터,21.7.19.월,2호선 환승통로에 있는데 치즈호두과자 너무 맛있어요 ㅠㅠ;;;,2024-04-08 - 00:54:24
595,naver,29,웰빙쌀빵 신당역점,"서울 중구 다산로 260 , 지하2001호", 4.35, 240,니리매,21.6.30.수,괜찮은 편입니다,2024-04-08 - 00:54:24
596,naver,29,웰빙쌀빵 신당역점,"서울 중구 다산로 260 , 지하2001호", 4.35, 240,꽃초이,21.5.21.금,맛있고 친절하십니다,2024-04-08 - 00:54:24
597,naver,29,웰빙쌀빵 신당역점,"서울 중구 다산로 260 , 지하2001호", 4.35, 240,꽃초이,21.5.6.목,첨 먹어봤는데 맛있네요ㅋ,2024-04-08 - 00:54:24
598,naver,29,웰빙쌀빵 신당역점,"서울 중구 다산로 260 , 지하2001호", 4.35, 240,꽃초이,21.5.18.화,맛있고 친절하십니다,2024-04-08 - 00:54:25
599,naver,29,웰빙쌀빵 신당역점,"서울 중구 다산로 260 , 지하2001호", 4.35, 240,루비맘17,21.6.28.월,짱,2024-04-08 - 00:54:25
600,naver,29,웰빙쌀빵 신당역점,"서울 중구 다산로 260 , 지하2001호", 4.35, 240,꽃초이,21.5.12.수,친절하시고 맛있습니다,2024-04-08 - 00:54:25
601,naver,29,웰빙쌀빵 신당역점,"서울 중구 다산로 260 , 지하2001호", 4.35, 240,Cree,21.5.31.월,델리만쥬냄새 맛 둘다 좋음,2024-04-08 - 00:54:25
602,naver,29,웰빙쌀빵 신당역점,"서울 중구 다산로 260 , 지하2001호", 4.35, 240,꽃초이,21.5.7.금,크로플? 맛있습니다,2024-04-08 - 00:54:25
603,naver,29,웰빙쌀빵 신당역점,"서울 중구 다산로 260 , 지하2001호", 4.35, 240,까칠한입말로만다이어트,20.11.17.화,6호선 신당역 나가는 길에 솔솔솔 풍기는 달콤한 냄 새~~~거부할 수 없는 향기*^^* 코*호도 보다 더욱 찐 한 겉모습 짱 좋아요~~뜨거운 호도과자 주시는...,2024-04-08 - 00:54:25
604,naver,29,웰빙쌀빵 신당역점,"서울 중구 다산로 260 , 지하2001호", 4.35, 240,양미뿌잉,21.6.11.금,와플 맛있고친절하세요~!,2024-04-08 - 00:54:25
605,naver,29,웰빙쌀빵 신당역점,"서울 중구 다산로 260 , 지하2001호", 4.35, 240,sg****,21.7.17.토,굿,2024-04-08 - 00:54:25
606,naver,29,웰빙쌀빵 신당역점,"서울 중구 다산로 260 , 지하2001호", 4.35, 240,꽃초이,21.5.14.금,맛있어요,2024-04-08 - 00:54:25
607,naver,29,웰빙쌀빵 신당역점,"서울 중구 다산로 260 , 지하2001호", 4.35, 240,람보리기니,21.6.4.금,친절해요,2024-04-08 - 00:54:25
608,naver,29,웰빙쌀빵 신당역점,"서울 중구 다산로 260 , 지하2001호", 4.35, 240,my****,21.6.30.수,좋아요,2024-04-08 - 00:54:25
609,naver,29,웰빙쌀빵 신당역점,"서울 중구 다산로 260 , 지하2001호", 4.35, 240,ohzzang0,21.3.20.토,맛있는데 너무 식었어요,2024-04-08 - 00:54:25
610,naver,29,웰빙쌀빵 신당역점,"서울 중구 다산로 260 , 지하2001호", 4.35, 240,0108kgs,21.5.15.토,1번째,2024-04-08 - 00:54:25
611,naver,29,웰빙쌀빵 신당역점,"서울 중구 다산로 260 , 지하2001호", 4.35, 240,ji9211,21.5.27.목,좋아요!,2024-04-08 - 00:54:25
612,naver,29,웰빙쌀빵 신당역점,"서울 중구 다산로 260 , 지하2001호", 4.35, 240,킷키,21.3.21.일,좋아요,2024-04-08 - 00:54:25
613,naver,29,웰빙쌀빵 신당역점,"서울 중구 다산로 260 , 지하2001호", 4.35, 240,Dd8085,21.3.20.토,좋아요,2024-04-08 - 00:54:25
614,naver,29,웰빙쌀빵 신당역점,"서울 중구 다산로 260 , 지하2001호", 4.35, 240,su8480,21.4.16.금,좋아요,2024-04-08 - 00:54:26
615,naver,29,웰빙쌀빵 신당역점,"서울 중구 다산로 260 , 지하2001호", 4.35, 240,두루의 지구생활,20.12.3.목,지하철만쥬님흥하라 카드도됩니다,2024-04-08 - 00:54:26
616,naver,29,웰빙쌀빵 신당역점,"서울 중구 다산로 260 , 지하2001호", 4.35, 240,Bigbang,21.3.29.월,Good,2024-04-08 - 00:54:26
617,naver,29,웰빙쌀빵 신당역점,"서울 중구 다산로 260 , 지하2001호", 4.35, 240,루비맘17,21.1.10.일,ㆍ,2024-04-08 - 00:54:26
618,naver,29,웰빙쌀빵 신당역점,"서울 중구 다산로 260 , 지하2001호", 4.35, 240,요미센트,21.2.19.금,맛나요,2024-04-08 - 00:54:26
619,naver,29,웰빙쌀빵 신당역점,"서울 중구 다산로 260 , 지하2001호", 4.35, 240,람보리기니,21.2.19.금,좋아요,2024-04-08 - 00:54:26
620,naver,29,웰빙쌀빵 신당역점,"서울 중구 다산로 260 , 지하2001호", 4.35, 240,yeonjung724,21.3.13.토,맛나요,2024-04-08 - 00:54:26
621,naver,29,웰빙쌀빵 신당역점,"서울 중구 다산로 260 , 지하2001호", 4.35, 240,chogh12,21.1.14.목,자주 이용해요,2024-04-08 - 00:54:26
622,naver,29,웰빙쌀빵 신당역점,"서울 중구 다산로 260 , 지하2001호", 4.35, 240,eje****,21.5.27.목,좋아요,2024-04-08 - 00:54:26
623,naver,29,웰빙쌀빵 신당역점,"서울 중구 다산로 260 , 지하2001호", 4.35, 240,askabijo,21.3.3.수,좋아요,2024-04-08 - 00:54:26
624,naver,29,웰빙쌀빵 신당역점,"서울 중구 다산로 260 , 지하2001호", 4.35, 240,씐나게쏘,20.11.27.금,으악 호두과자맛없어,2024-04-08 - 00:54:26
625,naver,29,웰빙쌀빵 신당역점,"서울 중구 다산로 260 , 지하2001호", 4.35, 240,별일없다17,20.10.22.목,"쌀빵 파는곳. 저렴한편.
신당역에서 6호선~2호선 갈아타는 중간에 있어요",2024-04-08 - 00:54:26
626,naver,29,웰빙쌀빵 신당역점,"서울 중구 다산로 260 , 지하2001호", 4.35, 240,chogh12,21.1.26.화,좋아요,2024-04-08 - 00:54:26
627,naver,29,웰빙쌀빵 신당역점,"서울 중구 다산로 260 , 지하2001호", 4.35, 240,ttl****,20.11.4.수,진짜 맛없어요..,2024-04-08 - 00:54:26
628,naver,29,웰빙쌀빵 신당역점,"서울 중구 다산로 260 , 지하2001호", 4.35, 240,my0****,20.10.31.토,가성비 좋아요,2024-04-08 - 00:54:26
629,naver,29,웰빙쌀빵 신당역점,"서울 중구 다산로 260 , 지하2001호", 4.35, 240,chogh12,21.1.20.수,맛있습니다,2024-04-08 - 00:54:26
630,naver,29,웰빙쌀빵 신당역점,"서울 중구 다산로 260 , 지하2001호", 4.35, 240,환이99,20.11.24.화,델리만쥬 맛있어오,2024-04-08 - 00:54:26
631,naver,29,웰빙쌀빵 신당역점,"서울 중구 다산로 260 , 지하2001호", 4.35, 240,밀반이,20.9.24.목,출근길에 보이는 빵집이에요.,2024-04-08 - 00:54:27
632,naver,29,웰빙쌀빵 신당역점,"서울 중구 다산로 260 , 지하2001호", 4.35, 240,song34372540,21.4.11.일,좋아요,2024-04-08 - 00:54:27
633,naver,29,웰빙쌀빵 신당역점,"서울 중구 다산로 260 , 지하2001호", 4.35, 240,pb1****,21.1.17.일,👍,2024-04-08 - 00:54:27
634,naver,29,웰빙쌀빵 신당역점,"서울 중구 다산로 260 , 지하2001호", 4.35, 240,유명한 셋째딸,21.4.6.화,좋아요,2024-04-08 - 00:54:27
635,naver,29,웰빙쌀빵 신당역점,"서울 중구 다산로 260 , 지하2001호", 4.35, 240,꽃초이,20.12.3.목,친절합니다,2024-04-08 - 00:54:27
636,naver,29,웰빙쌀빵 신당역점,"서울 중구 다산로 260 , 지하2001호", 4.35, 240,팬팬,20.12.2.수,조아요,2024-04-08 - 00:54:27
637,naver,29,웰빙쌀빵 신당역점,"서울 중구 다산로 260 , 지하2001호", 4.35, 240,j499612,20.12.2.수,좋아요,2024-04-08 - 00:54:27
638,naver,29,웰빙쌀빵 신당역점,"서울 중구 다산로 260 , 지하2001호", 4.35, 240,Anotherwon21,20.11.20.금,👍🏻,2024-04-08 - 00:54:27
639,naver,29,웰빙쌀빵 신당역점,"서울 중구 다산로 260 , 지하2001호", 4.35, 240,카프리7826,20.7.10.금,단호박빵 먹엇는데 필링 완존 그득그득 가격도 혜자; 천원; 신당역 환승 자주하는데 많이 먹을듯요,2024-04-08 - 00:54:27
640,naver,29,웰빙쌀빵 신당역점,"서울 중구 다산로 260 , 지하2001호", 4.35, 240,윤쨔70,21.2.10.수,좋아요오,2024-04-08 - 00:54:27
641,naver,29,웰빙쌀빵 신당역점,"서울 중구 다산로 260 , 지하2001호", 4.35, 240,eyg691212,20.8.7.금,출근길 항상 살까말까 고민했는데 오늘 처음으로 커피번이랑 건강빵 샀어요ㅋㅋ회사에서 나눠먹었는데 다들 맛있데요:),2024-04-08 - 00:54:27
642,naver,29,웰빙쌀빵 신당역점,"서울 중구 다산로 260 , 지하2001호", 4.35, 240,Hippo39,20.12.10.목,맛있어요,2024-04-08 - 00:54:27
643,naver,29,웰빙쌀빵 신당역점,"서울 중구 다산로 260 , 지하2001호", 4.35, 240,쪼꼬385,20.8.17.월,비닐포장은 빵집의 항상 아쉬운 점이에요.. 비건은 아닙니다.,2024-04-08 - 00:54:27
644,naver,29,웰빙쌀빵 신당역점,"서울 중구 다산로 260 , 지하2001호", 4.35, 240,sunny9766,20.8.14.금,모카번 1000원 싸고 맛있어요.,2024-04-08 - 00:54:27
645,naver,29,웰빙쌀빵 신당역점,"서울 중구 다산로 260 , 지하2001호", 4.35, 240,심바218,20.6.25.목,빵이 맛있어요. 쌀로만든 빵이 있어서 좋아요,2024-04-08 - 00:54:27
646,naver,29,웰빙쌀빵 신당역점,"서울 중구 다산로 260 , 지하2001호", 4.35, 240,쪼꼬385,20.8.24.월,건강한 쌀 빵을 팔아요,2024-04-08 - 00:54:28
647,naver,29,웰빙쌀빵 신당역점,"서울 중구 다산로 260 , 지하2001호", 4.35, 240,레이레이50,20.10.30.금,빵,2024-04-08 - 00:54:28
648,naver,29,웰빙쌀빵 신당역점,"서울 중구 다산로 260 , 지하2001호", 4.35, 240,카프리7826,20.7.18.토,저렴하고 맛잇는빵들이에오,2024-04-08 - 00:54:28
649,naver,29,웰빙쌀빵 신당역점,"서울 중구 다산로 260 , 지하2001호", 4.35, 240,EXOBB,20.9.25.금,^^,2024-04-08 - 00:54:28
650,naver,29,웰빙쌀빵 신당역점,"서울 중구 다산로 260 , 지하2001호", 4.35, 240,루비맘17,20.9.13.일,맛있음,2024-04-08 - 00:54:28
651,naver,29,웰빙쌀빵 신당역점,"서울 중구 다산로 260 , 지하2001호", 4.35, 240,abeobeobeo,21.2.2.화,조아여,2024-04-08 - 00:54:28
652,naver,29,웰빙쌀빵 신당역점,"서울 중구 다산로 260 , 지하2001호", 4.35, 240,ehf****,20.11.5.목,굿,2024-04-08 - 00:54:28
653,naver,29,웰빙쌀빵 신당역점,"서울 중구 다산로 260 , 지하2001호", 4.35, 240,qhal6644,20.9.9.수,맛맛 ;),2024-04-08 - 00:54:28
654,naver,29,웰빙쌀빵 신당역점,"서울 중구 다산로 260 , 지하2001호", 4.35, 240,미농,20.9.8.화,좋아요,2024-04-08 - 00:54:28
655,naver,29,웰빙쌀빵 신당역점,"서울 중구 다산로 260 , 지하2001호", 4.35, 240,단지161,21.2.2.화,좋아요 또 갈게요,2024-04-08 - 00:54:28
656,naver,29,웰빙쌀빵 신당역점,"서울 중구 다산로 260 , 지하2001호", 4.35, 240,마마님4433,20.7.7.화,굿,2024-04-08 - 00:54:28
657,naver,29,웰빙쌀빵 신당역점,"서울 중구 다산로 260 , 지하2001호", 4.35, 240,piz****,20.12.20.일,좋아요,2024-04-08 - 00:54:28
658,naver,31,루시카토 신세계본점,서울 중구 소공로 63, 4.49, 192,HappyLife,1.25.목,무지개 케이크 좋아하는 아이때문에 여러 베이커리에 서 사먹어봤는데 루시카토 레인보우케이크가 가장 맛 있음. 색감은 선명하고 빵은 부드럽고 폭신하...,2024-04-08 - 00:55:12
659,naver,31,루시카토 신세계본점,서울 중구 소공로 63, 4.49, 192,쩡이0213,2.23.금,"코코넛맛이나는 토끼케잌
받는 딸아이도 아주 좋아하네요
맛있게 즐겁게 잘먹었어요",2024-04-08 - 00:55:12
660,naver,31,루시카토 신세계본점,서울 중구 소공로 63, 4.49, 192,제3의사랑,23.12.24.일,캐릭터 케이크가 귀엽고 좋아요.,2024-04-08 - 00:55:12
661,naver,31,루시카토 신세계본점,서울 중구 소공로 63, 4.49, 192,yeo****,1.17.수,직원분들 친절해요,2024-04-08 - 00:55:12
662,naver,31,루시카토 신세계본점,서울 중구 소공로 63, 4.49, 192,황군 상담소,23.12.31.일,연말분위기 듬뿍,2024-04-08 - 00:55:12
663,naver,31,루시카토 신세계본점,서울 중구 소공로 63, 4.49, 192,코로나연,1.30.화,좋아요,2024-04-08 - 00:55:12
664,naver,31,루시카토 신세계본점,서울 중구 소공로 63, 4.49, 192,nyaki,23.11.17.금,맛있는 빵이 별로 없어요.,2024-04-08 - 00:55:12
665,naver,31,루시카토 신세계본점,서울 중구 소공로 63, 4.49, 192,위일리워엉카아,1.30.화,좋아요,2024-04-08 - 00:55:12
666,naver,31,루시카토 신세계본점,서울 중구 소공로 63, 4.49, 192,soomsoomi,23.12.24.일,좋아요,2024-04-08 - 00:55:12
667,naver,31,루시카토 신세계본점,서울 중구 소공로 63, 4.49, 192,야채는 맛있어,23.9.18.월,신발이 예뻐요,2024-04-08 - 00:55:12
668,naver,31,루시카토 신세계본점,서울 중구 소공로 63, 4.49, 192,웰이팅,23.9.14.목,좋아요,2024-04-08 - 00:55:12
669,naver,31,루시카토 신세계본점,서울 중구 소공로 63, 4.49, 192,can****,23.8.25.금,특별하날 쓰기 좋아요,2024-04-08 - 00:55:12
670,naver,31,루시카토 신세계본점,서울 중구 소공로 63, 4.49, 192,있는듯이,23.9.16.토,맛있어요,2024-04-08 - 00:55:12
671,naver,31,루시카토 신세계본점,서울 중구 소공로 63, 4.49, 192,이응6663,23.6.4.일,케이크 샀는데 디자인은 진짜 예쁜데 맛은 평범해요,2024-04-08 - 00:55:12
672,naver,31,루시카토 신세계본점,서울 중구 소공로 63, 4.49, 192,jl****,23.11.10.금,ㆍ,2024-04-08 - 00:55:12
673,naver,31,루시카토 신세계본점,서울 중구 소공로 63, 4.49, 192,녕이의 하루,23.1.21.토,종류 다양하고 예쁘고 맛있어요:),2024-04-08 - 00:55:12
674,naver,31,루시카토 신세계본점,서울 중구 소공로 63, 4.49, 192,ang****,23.5.11.목,초코케잌만 먹는데 부드럽고 맛나네요,2024-04-08 - 00:55:12
675,naver,31,루시카토 신세계본점,서울 중구 소공로 63, 4.49, 192,SB8282,23.7.29.토,안달고 맛있어요,2024-04-08 - 00:55:13
676,naver,31,루시카토 신세계본점,서울 중구 소공로 63, 4.49, 192,hoy****,23.6.9.금,"케익이너무예뻐요
취향저격",2024-04-08 - 00:55:13
677,naver,31,루시카토 신세계본점,서울 중구 소공로 63, 4.49, 192,웰이팅,23.3.3.금,케잌은 언제나 맛나요!,2024-04-08 - 00:55:13
678,naver,31,루시카토 신세계본점,서울 중구 소공로 63, 4.49, 192,웰이팅,23.2.17.금,케이크 언제나 맛나요,2024-04-08 - 00:55:13
679,naver,31,루시카토 신세계본점,서울 중구 소공로 63, 4.49, 192,쏘냐짱,22.10.2.일,ㅎㅎㅎ 행복했던 호캉스 때 함께했어요 넘 예뿌고 기엽고 ㅠㅠ 옆에 흰색 미니케이크도 예뻣음 ㅎㅎㅎㅎ 💖🤍,2024-04-08 - 00:55:13
680,naver,31,루시카토 신세계본점,서울 중구 소공로 63, 4.49, 192,모찌짜응,22.12.23.금,친절하시구 너무 맛있어요,2024-04-08 - 00:55:13
681,naver,31,루시카토 신세계본점,서울 중구 소공로 63, 4.49, 192,고기사랑혜,22.11.30.수,마카롱 맛있어요~,2024-04-08 - 00:55:13
682,naver,31,루시카토 신세계본점,서울 중구 소공로 63, 4.49, 192,choi3ko169,23.2.14.화,,2024-04-08 - 00:55:13
683,naver,31,루시카토 신세계본점,서울 중구 소공로 63, 4.49, 192,아이크리미,23.2.18.토,케이크 짱 맛있어요,2024-04-08 - 00:55:13
684,naver,31,루시카토 신세계본점,서울 중구 소공로 63, 4.49, 192,RelaxUrMind,22.11.15.화,지인 선물용으로 마카롱 세트 샀어요. 이쁩니다.,2024-04-08 - 00:55:13
685,naver,31,루시카토 신세계본점,서울 중구 소공로 63, 4.49, 192,설라,23.2.4.토,맛있어요!,2024-04-08 - 00:55:13
686,naver,31,루시카토 신세계본점,서울 중구 소공로 63, 4.49, 192,맹꽁이425,23.2.27.월,좋아여,2024-04-08 - 00:55:13
687,naver,31,루시카토 신세계본점,서울 중구 소공로 63, 4.49, 192,김하뜌,23.2.4.토,예뻐여,2024-04-08 - 00:55:13
688,naver,31,루시카토 신세계본점,서울 중구 소공로 63, 4.49, 192,제3의사랑,22.11.9.수,귀여운 빵이 많아요.,2024-04-08 - 00:55:13
689,naver,31,루시카토 신세계본점,서울 중구 소공로 63, 4.49, 192,하츄하츄0,23.2.3.금,좋아요,2024-04-08 - 00:55:13
690,naver,31,루시카토 신세계본점,서울 중구 소공로 63, 4.49, 192,제3의사랑,22.11.4.금,빵이 맛있어요.,2024-04-08 - 00:55:13
691,naver,31,루시카토 신세계본점,서울 중구 소공로 63, 4.49, 192,살구나무꽃,22.10.14.금,친절하고 떡이 맛있어요,2024-04-08 - 00:55:13
692,naver,31,루시카토 신세계본점,서울 중구 소공로 63, 4.49, 192,이은14,23.1.2.월,이뻐요~^^,2024-04-08 - 00:55:13
693,naver,31,루시카토 신세계본점,서울 중구 소공로 63, 4.49, 192,볼벼리,22.9.3.토,케이크 귀엽고 맛있어요,2024-04-08 - 00:55:13
694,naver,31,루시카토 신세계본점,서울 중구 소공로 63, 4.49, 192,하치언니77,22.10.30.일,좋아요,2024-04-08 - 00:55:14
695,naver,31,루시카토 신세계본점,서울 중구 소공로 63, 4.49, 192,호호아줌마36,22.11.18.금,맛나요,2024-04-08 - 00:55:14
696,naver,31,루시카토 신세계본점,서울 중구 소공로 63, 4.49, 192,melon502,22.10.10.월,ㅋ,2024-04-08 - 00:55:14
697,naver,31,루시카토 신세계본점,서울 중구 소공로 63, 4.49, 192,쏘391,22.9.25.일,굿,2024-04-08 - 00:55:14
698,naver,31,루시카토 신세계본점,서울 중구 소공로 63, 4.49, 192,SJ5349,22.10.1.토,ㅎㅎ,2024-04-08 - 00:55:14
699,naver,31,루시카토 신세계본점,서울 중구 소공로 63, 4.49, 192,아오리89,22.8.30.화,조아요,2024-04-08 - 00:55:14
700,naver,31,루시카토 신세계본점,서울 중구 소공로 63, 4.49, 192,해피피버,22.9.30.금,좋아요,2024-04-08 - 00:55:14
701,naver,31,루시카토 신세계본점,서울 중구 소공로 63, 4.49, 192,달빛천사2064,22.6.3.금,케잌이 맛나고 다양해요,2024-04-08 - 00:55:14
702,naver,31,루시카토 신세계본점,서울 중구 소공로 63, 4.49, 192,kje1170,22.9.17.토,굿,2024-04-08 - 00:55:14
703,naver,31,루시카토 신세계본점,서울 중구 소공로 63, 4.49, 192,아오리89,22.8.14.일,조아요,2024-04-08 - 00:55:14
704,naver,31,루시카토 신세계본점,서울 중구 소공로 63, 4.49, 192,ddo****,22.8.27.토,좋아요~~,2024-04-08 - 00:55:14
705,naver,31,루시카토 신세계본점,서울 중구 소공로 63, 4.49, 192,전학생 김뿅뿅,22.7.23.토,좋아요,2024-04-08 - 00:55:14
706,naver,31,루시카토 신세계본점,서울 중구 소공로 63, 4.49, 192,aal****,23.1.10.화,맛있어요,2024-04-08 - 00:55:14
707,naver,31,루시카토 신세계본점,서울 중구 소공로 63, 4.49, 192,Vampire33,22.5.6.금,매장안이 깨끗하고 직원분이 친절합니다,2024-04-08 - 00:55:14
708,naver,31,루시카토 신세계본점,서울 중구 소공로 63, 4.49, 192,ou****,22.7.24.일,좋아요,2024-04-08 - 00:55:14
709,naver,31,루시카토 신세계본점,서울 중구 소공로 63, 4.49, 192,지니어리,22.7.15.금,좋아요,2024-04-08 - 00:55:14
710,naver,31,루시카토 신세계본점,서울 중구 소공로 63, 4.49, 192,alstnbest,22.7.15.금,굿,2024-04-08 - 00:55:14
711,naver,31,루시카토 신세계본점,서울 중구 소공로 63, 4.49, 192,jul****,22.7.8.금,좋아용,2024-04-08 - 00:55:14
712,naver,31,루시카토 신세계본점,서울 중구 소공로 63, 4.49, 192,장영순22,22.9.12.월,굿,2024-04-08 - 00:55:15
713,naver,31,루시카토 신세계본점,서울 중구 소공로 63, 4.49, 192,먹깨비나방,22.2.18.금,케이크 넘 작아요ㅜㄱ ㅜ,2024-04-08 - 00:55:15
714,naver,31,루시카토 신세계본점,서울 중구 소공로 63, 4.49, 192,JJ어디가,22.3.15.화,케익이 이뻐요,2024-04-08 - 00:55:15
715,naver,31,루시카토 신세계본점,서울 중구 소공로 63, 4.49, 192,fem****,22.5.4.수,굿,2024-04-08 - 00:55:15
716,naver,31,루시카토 신세계본점,서울 중구 소공로 63, 4.49, 192,dec****,22.6.3.금,추천합니다,2024-04-08 - 00:55:15
717,naver,31,루시카토 신세계본점,서울 중구 소공로 63, 4.49, 192,joyismylife,22.5.11.수,맛있어요,2024-04-08 - 00:55:15
718,naver,31,루시카토 신세계본점,서울 중구 소공로 63, 4.49, 192,이수민63,22.5.4.수,굿,2024-04-08 - 00:55:15
719,naver,31,루시카토 신세계본점,서울 중구 소공로 63, 4.49, 192,선이4788,22.4.28.목,굿,2024-04-08 - 00:55:15
720,naver,31,루시카토 신세계본점,서울 중구 소공로 63, 4.49, 192,제3의사랑,22.1.18.화,빵이 맛있어요,2024-04-08 - 00:55:15
721,naver,31,루시카토 신세계본점,서울 중구 소공로 63, 4.49, 192,actor92,22.5.8.일,굿,2024-04-08 - 00:55:15
722,naver,31,루시카토 신세계본점,서울 중구 소공로 63, 4.49, 192,celevv,21.9.27.월,케익의 다양성이 고객이 감동합니다. 가격도 생각보다 과하지 않아요. 다양성 서비스 대비 가성비 우수합니다.,2024-04-08 - 00:55:15
723,naver,31,루시카토 신세계본점,서울 중구 소공로 63, 4.49, 192,윤슬 하다,21.9.18.토,맛있어요^^,2024-04-08 - 00:55:15
724,naver,31,루시카토 신세계본점,서울 중구 소공로 63, 4.49, 192,Happy24,21.8.6.금,예쁜 디자인 케익 많아요,2024-04-08 - 00:55:15
725,naver,31,루시카토 신세계본점,서울 중구 소공로 63, 4.49, 192,코코b,21.7.4.일,마카롱 맛나요,2024-04-08 - 00:55:15
726,naver,31,루시카토 신세계본점,서울 중구 소공로 63, 4.49, 192,지혀니1984,21.12.12.일,맛있어요 ㅎㅎ,2024-04-08 - 00:55:15
727,naver,31,루시카토 신세계본점,서울 중구 소공로 63, 4.49, 192,고기사랑혜,21.3.10.수,마카롱이 쫀득하니 맛있어요!!,2024-04-08 - 00:55:15
728,naver,31,루시카토 신세계본점,서울 중구 소공로 63, 4.49, 192,dis****,21.6.25.금,좋아요,2024-04-08 - 00:55:15
729,naver,31,루시카토 신세계본점,서울 중구 소공로 63, 4.49, 192,뾰로로롱320,21.6.22.화,굿,2024-04-08 - 00:55:15
730,naver,31,루시카토 신세계본점,서울 중구 소공로 63, 4.49, 192,시츄81,21.6.17.목,좋아요,2024-04-08 - 00:55:16
731,naver,31,루시카토 신세계본점,서울 중구 소공로 63, 4.49, 192,코코b,21.1.31.일,"신세계 지하 1층
마카롱 맛있아요!!",2024-04-08 - 00:55:16
732,naver,31,루시카토 신세계본점,서울 중구 소공로 63, 4.49, 192,1004ajini,21.2.27.토,"친절하세요
케익 쇼핑백이 있으면 더 좋겠어요",2024-04-08 - 00:55:16
733,naver,31,루시카토 신세계본점,서울 중구 소공로 63, 4.49, 192,dadaeee,21.2.21.일,맛은 보통이에요~친절하세요~~,2024-04-08 - 00:55:16
734,naver,31,루시카토 신세계본점,서울 중구 소공로 63, 4.49, 192,코발트블루9,21.5.15.토,좋아요,2024-04-08 - 00:55:16
735,naver,31,루시카토 신세계본점,서울 중구 소공로 63, 4.49, 192,고기사랑혜,21.2.9.화,케이크맛있어요,2024-04-08 - 00:55:16
736,naver,31,루시카토 신세계본점,서울 중구 소공로 63, 4.49, 192,Recipetown,21.4.23.금,good,2024-04-08 - 00:55:16
737,naver,31,루시카토 신세계본점,서울 중구 소공로 63, 4.49, 192,fol****,21.4.23.금,good,2024-04-08 - 00:55:16
738,naver,31,루시카토 신세계본점,서울 중구 소공로 63, 4.49, 192,FnffkfTkacpS2,21.4.8.목,좋음,2024-04-08 - 00:55:16
739,naver,31,루시카토 신세계본점,서울 중구 소공로 63, 4.49, 192,aesesese,21.2.19.금,굳,2024-04-08 - 00:55:16
740,naver,31,루시카토 신세계본점,서울 중구 소공로 63, 4.49, 192,뽁이소니맘,21.3.11.목,맛나요,2024-04-08 - 00:55:16
741,naver,31,루시카토 신세계본점,서울 중구 소공로 63, 4.49, 192,chenggong0,21.1.4.월,굳,2024-04-08 - 00:55:16
742,naver,31,루시카토 신세계본점,서울 중구 소공로 63, 4.49, 192,crony97,21.1.8.금,맛있어요,2024-04-08 - 00:55:16
743,naver,31,루시카토 신세계본점,서울 중구 소공로 63, 4.49, 192,can****,21.1.8.금,맛있어요,2024-04-08 - 00:55:16
744,naver,31,루시카토 신세계본점,서울 중구 소공로 63, 4.49, 192,기멤60,3.3.일,🎂,2024-04-08 - 00:55:16
745,naver,31,루시카토 신세계본점,서울 중구 소공로 63, 4.49, 192,Ali10,23.10.18.수,케익맛있어요,2024-04-08 - 00:55:16
746,naver,38,ERIC KAYSER,서울 중구 소공로 119, 4.42, 190,beingUsedall,23.12.26.화,"발렛 편하고 케이크도 가성비좋구요 에릭케제르가 블
랑제리 플라자로바뀐거에요 낮에만해도 빵이많은데 
저녁 6시만가도 남은게 거의없으니 서두르시...",2024-04-08 - 00:57:02
747,naver,38,ERIC KAYSER,서울 중구 소공로 119, 4.42, 190,beansbeans,23.11.3.금,"빵순이의 빵사랑 
몽블랑 페이스트리 👏🏼👏🏼👏🏼 커피와 참 잘 어울리는 맛 😋",2024-04-08 - 00:57:02
748,naver,38,ERIC KAYSER,서울 중구 소공로 119, 4.42, 190,짜롱98,2.26.월,커피 뿐만 아니라 빵 맛집,2024-04-08 - 00:57:03
749,naver,38,ERIC KAYSER,서울 중구 소공로 119, 4.42, 190,Ahreum,23.12.17.일,맛있고 좋아요~!,2024-04-08 - 00:57:03
750,naver,38,ERIC KAYSER,서울 중구 소공로 119, 4.42, 190,피티에,1.24.수,ㅈㅇㅇ,2024-04-08 - 00:57:03
751,naver,38,ERIC KAYSER,서울 중구 소공로 119, 4.42, 190,피티에,1.12.금,ㅈㅇㅇ,2024-04-08 - 00:57:03
752,naver,38,ERIC KAYSER,서울 중구 소공로 119, 4.42, 190,beansbeans,23.10.30.월,"빵순이의 빵맛집! 
몽블랑 페이스트리 👏🏼👏🏼👏🏼😍😋",2024-04-08 - 00:57:03
753,naver,38,ERIC KAYSER,서울 중구 소공로 119, 4.42, 190,beansbeans,23.8.14.월,왜 영수증리뷰가 그전의 상호로 나오는지 모르겠지만 ㅎㅎ 언제나 맛있는 블랑제리❤️💛 콰트로 포카치 버섯 싫어하는 사람도 맛있게 먹는 마성의 빵,2024-04-08 - 00:57:03
754,naver,38,ERIC KAYSER,서울 중구 소공로 119, 4.42, 190,beingUsedall,23.8.23.수,"에릭케제르 현)플라자호텔 블랑제리에요 가격대가 한
끼ㅡ식사로 할수 있는것들이 많아서 좋아요 ~",2024-04-08 - 00:57:03
755,naver,38,ERIC KAYSER,서울 중구 소공로 119, 4.42, 190,찐찐리뷰러,23.12.14.목,좀 비싼데 맛있어여,2024-04-08 - 00:57:03
756,naver,38,ERIC KAYSER,서울 중구 소공로 119, 4.42, 190,beansbeans,23.5.31.수,밀도있게 꽉꽉찬 시트와 크림사이의 공기층이 없이 쫜득하고 부드럽고 촉촉한 식감의 케이크는 예술! 쎄 마롱 제일 좋아하는 케이크인데 솔드아웃…😭...,2024-04-08 - 00:57:03
757,naver,38,ERIC KAYSER,서울 중구 소공로 119, 4.42, 190,상시리32,1.29.월,굿,2024-04-08 - 00:57:03
758,naver,38,ERIC KAYSER,서울 중구 소공로 119, 4.42, 190,beansbeans,23.6.9.금,블랑제리의 케이크 다음으로 좋아하는 빵은 스콘! 여 기 스콘은 정말 최애❤️ 출근길에 참새가 방앗간을 가 듯 홀려 가서 사오는 곳! 정말정말 맛있어!! 빵...,2024-04-08 - 00:57:03
759,naver,38,ERIC KAYSER,서울 중구 소공로 119, 4.42, 190,피티에,23.12.2.토,ㅈㅇㅇ,2024-04-08 - 00:57:03
760,naver,38,ERIC KAYSER,서울 중구 소공로 119, 4.42, 190,shi****,23.9.3.일,너무 맛있고 좋은 경험이였어요,2024-04-08 - 00:57:03
761,naver,38,ERIC KAYSER,서울 중구 소공로 119, 4.42, 190,자작나무48,23.12.8.금,빵 맛있어요,2024-04-08 - 00:57:03
762,naver,38,ERIC KAYSER,서울 중구 소공로 119, 4.42, 190,경자30,23.9.27.수,샌드위치 맛있어요,2024-04-08 - 00:57:03
763,naver,38,ERIC KAYSER,서울 중구 소공로 119, 4.42, 190,sim****,23.6.5.월,"호텔에 1박을 체크인하고 저녁먹을 시간이 조금 있는 데 허기가 져서 간단하게 빵을 먹었는데, 완전 맛이 좋아요. 가격은 조금 비싼편이지만 다른 곳에...",2024-04-08 - 00:57:03
764,naver,38,ERIC KAYSER,서울 중구 소공로 119, 4.42, 190,beansbeans,23.4.23.일,출근길 모닝루틴 행복한 빵순이 블랑제리에서 스콘 사서 커피랑 아침에 먹으면 정말 행복해져요! 행복이 참 별거 없구나 지인짜 행복해요! 맛있는 스콘...,2024-04-08 - 00:57:03
765,naver,38,ERIC KAYSER,서울 중구 소공로 119, 4.42, 190,자작나무48,23.10.16.월,매우 좋음,2024-04-08 - 00:57:03
766,naver,38,ERIC KAYSER,서울 중구 소공로 119, 4.42, 190,스푼6922,23.8.15.화,종종 들러서 식빵 사가요~ 직원분들 친절하세요,2024-04-08 - 00:57:03
767,naver,38,ERIC KAYSER,서울 중구 소공로 119, 4.42, 190,보라색소,23.8.9.수,"점심식사후 커피한잔.
깔끔하고 빵도 맛있고 고급져요",2024-04-08 - 00:57:04
768,naver,38,ERIC KAYSER,서울 중구 소공로 119, 4.42, 190,cs9300,23.12.14.목,맛빵소문듣고 찾아옴,2024-04-08 - 00:57:04
769,naver,38,ERIC KAYSER,서울 중구 소공로 119, 4.42, 190,오드리쀼쀼,23.11.18.토,조아여,2024-04-08 - 00:57:04
770,naver,38,ERIC KAYSER,서울 중구 소공로 119, 4.42, 190,beingUsedall,23.4.23.일,"비쥬얼이 젤이뻐서 사봤어요 가격대는 딸기다음으루
젤 고가이고 사진도 이쁘게나오고요 ! 플라자호텔 블
랑제리 이지만 한층 지하로 내려와야 보입니다",2024-04-08 - 00:57:04
771,naver,38,ERIC KAYSER,서울 중구 소공로 119, 4.42, 190,sim****,23.10.28.토,친절해요,2024-04-08 - 00:57:04
772,naver,38,ERIC KAYSER,서울 중구 소공로 119, 4.42, 190,자작나무48,23.8.23.수,빵 맛 최고,2024-04-08 - 00:57:04
773,naver,38,ERIC KAYSER,서울 중구 소공로 119, 4.42, 190,리사0628,23.5.23.화,친구가 빵이 맛있다고 해서 샀어요,2024-04-08 - 00:57:04
774,naver,38,ERIC KAYSER,서울 중구 소공로 119, 4.42, 190,알리스알리스,23.6.7.수,"좋아하는 빵들이 있어 자주 방문합니다.
소금빵도 치즈빵도 맛있어요.",2024-04-08 - 00:57:04
775,naver,38,ERIC KAYSER,서울 중구 소공로 119, 4.42, 190,Ryushinne,23.6.5.월,호텔 베이커리 중에서 다양한 빵을 판매하고 가격도 합리적입니다,2024-04-08 - 00:57:04
776,naver,38,ERIC KAYSER,서울 중구 소공로 119, 4.42, 190,쿠우쿠우손석쿠우,23.8.26.토,굿,2024-04-08 - 00:57:04
777,naver,38,ERIC KAYSER,서울 중구 소공로 119, 4.42, 190,witnsow,23.8.23.수,빵 맛있어용,2024-04-08 - 00:57:04
778,naver,38,ERIC KAYSER,서울 중구 소공로 119, 4.42, 190,iilala,23.11.28.화,맛이는빵이 많아요,2024-04-08 - 00:57:04
779,naver,38,ERIC KAYSER,서울 중구 소공로 119, 4.42, 190,자작나무48,23.8.15.화,맛있어요,2024-04-08 - 00:57:04
780,naver,38,ERIC KAYSER,서울 중구 소공로 119, 4.42, 190,문2698,23.9.21.목,브랑제리로 이름 바뀜,2024-04-08 - 00:57:04
781,naver,38,ERIC KAYSER,서울 중구 소공로 119, 4.42, 190,시그루드,23.7.22.토,맛있어요,2024-04-08 - 00:57:04
782,naver,38,ERIC KAYSER,서울 중구 소공로 119, 4.42, 190,xxuu47,23.7.25.화,ㄱㄱㄱ,2024-04-08 - 00:57:04
783,naver,38,ERIC KAYSER,서울 중구 소공로 119, 4.42, 190,아라7564,23.8.3.목,빵 맛있어요,2024-04-08 - 00:57:04
784,naver,38,ERIC KAYSER,서울 중구 소공로 119, 4.42, 190,ringo1016,23.11.2.목,조아요,2024-04-08 - 00:57:05
785,naver,38,ERIC KAYSER,서울 중구 소공로 119, 4.42, 190,hwmom,23.7.27.목,굿,2024-04-08 - 00:57:05
786,naver,38,ERIC KAYSER,서울 중구 소공로 119, 4.42, 190,xxuu47,23.7.7.금,4ㅜ구굿,2024-04-08 - 00:57:05
787,naver,38,ERIC KAYSER,서울 중구 소공로 119, 4.42, 190,크롱이크롱이,23.4.25.화,케이크 맛나요!,2024-04-08 - 00:57:05
788,naver,38,ERIC KAYSER,서울 중구 소공로 119, 4.42, 190,정이버,23.3.25.토,여전히 너무 맛있는 (구)에릭케제르 (현)블랑제리,2024-04-08 - 00:57:05
789,naver,38,ERIC KAYSER,서울 중구 소공로 119, 4.42, 190,코모38,23.4.15.토,분위기 좋아요,2024-04-08 - 00:57:05
790,naver,38,ERIC KAYSER,서울 중구 소공로 119, 4.42, 190,제제5699,23.4.13.목,비싸지만 맛있는거 많네요,2024-04-08 - 00:57:05
791,naver,38,ERIC KAYSER,서울 중구 소공로 119, 4.42, 190,피티에,23.5.6.토,ㅈㅇㅇ,2024-04-08 - 00:57:05
792,naver,38,ERIC KAYSER,서울 중구 소공로 119, 4.42, 190,osky,23.4.23.일,맛보다는 서비스 굿,2024-04-08 - 00:57:05
793,naver,38,ERIC KAYSER,서울 중구 소공로 119, 4.42, 190,easy3980,23.6.5.월,굿,2024-04-08 - 00:57:05
794,naver,38,ERIC KAYSER,서울 중구 소공로 119, 4.42, 190,자작나무48,23.5.8.월,좋아요,2024-04-08 - 00:57:05
795,naver,38,ERIC KAYSER,서울 중구 소공로 119, 4.42, 190,우오오오82,23.4.18.화,굿~!!,2024-04-08 - 00:57:05
796,naver,38,ERIC KAYSER,서울 중구 소공로 119, 4.42, 190,솔져76,23.3.24.금,쇼핑백 2천원,2024-04-08 - 00:57:05
797,naver,38,ERIC KAYSER,서울 중구 소공로 119, 4.42, 190,봄날의햇살 Hayley,23.3.10.금,굿,2024-04-08 - 00:57:05
798,naver,38,ERIC KAYSER,서울 중구 소공로 119, 4.42, 190,자작나무48,23.4.6.목,좋아요,2024-04-08 - 00:57:05
799,naver,38,ERIC KAYSER,서울 중구 소공로 119, 4.42, 190,사랑님99,23.5.5.금,좋아요,2024-04-08 - 00:57:05
800,naver,38,ERIC KAYSER,서울 중구 소공로 119, 4.42, 190,자작나무48,23.3.30.목,좋아요,2024-04-08 - 00:57:05
801,naver,38,ERIC KAYSER,서울 중구 소공로 119, 4.42, 190,lje****,23.3.30.목,좋아요,2024-04-08 - 00:57:05
802,naver,38,ERIC KAYSER,서울 중구 소공로 119, 4.42, 190,피티에,23.3.6.월,ㅈㅇㅇ,2024-04-08 - 00:57:05
803,naver,38,ERIC KAYSER,서울 중구 소공로 119, 4.42, 190,자작나무48,23.3.24.금,맛있어요,2024-04-08 - 00:57:06
804,naver,38,ERIC KAYSER,서울 중구 소공로 119, 4.42, 190,피티에,23.3.1.수,ㅈㅇㅇ,2024-04-08 - 00:57:06
805,naver,38,ERIC KAYSER,서울 중구 소공로 119, 4.42, 190,테이스팀카일,23.5.25.목,케잌 맛나요,2024-04-08 - 00:57:06
806,naver,38,ERIC KAYSER,서울 중구 소공로 119, 4.42, 190,moongogo52,23.4.14.금,"오랜만에 ..
커피굿굿
케잌도 맛나요^^",2024-04-08 - 00:57:06
807,naver,38,ERIC KAYSER,서울 중구 소공로 119, 4.42, 190,피티에,23.2.3.금,ㅈㅇㅇ,2024-04-08 - 00:57:06
808,naver,38,ERIC KAYSER,서울 중구 소공로 119, 4.42, 190,applelove90,22.12.26.월,케이크맛있어요^^,2024-04-08 - 00:57:06
809,naver,38,ERIC KAYSER,서울 중구 소공로 119, 4.42, 190,수퍼갤라그,23.3.24.금,맛있어요,2024-04-08 - 00:57:06
810,naver,38,ERIC KAYSER,서울 중구 소공로 119, 4.42, 190,꺄르르면,23.1.27.금,굿,2024-04-08 - 00:57:06
811,naver,38,ERIC KAYSER,서울 중구 소공로 119, 4.42, 190,xxuu47,23.2.23.목,굿굿,2024-04-08 - 00:57:06
812,naver,38,ERIC KAYSER,서울 중구 소공로 119, 4.42, 190,호이짜6,23.1.10.화,"다좋은데 봉투값 1000원 항상 아쉬움ㅠㅠ
케익류등 잔뜩 구매해도 따로 구매해야되니다",2024-04-08 - 00:57:06
813,naver,38,ERIC KAYSER,서울 중구 소공로 119, 4.42, 190,자작나무48,23.1.15.일,맛있는 빵집,2024-04-08 - 00:57:06
814,naver,38,ERIC KAYSER,서울 중구 소공로 119, 4.42, 190,sna****,22.12.30.금,좋아요^^,2024-04-08 - 00:57:06
815,naver,38,ERIC KAYSER,서울 중구 소공로 119, 4.42, 190,고마워 꼭다시만나자,22.9.1.목,"지나가다 크림듬뿍 빵을 봐두었다 급 우울해서 오늘 
먹어야할 날이다 크림듬뿍 스트레스 풀린다 5200원",2024-04-08 - 00:57:06
816,naver,38,ERIC KAYSER,서울 중구 소공로 119, 4.42, 190,꺄르르면,22.12.14.수,굿,2024-04-08 - 00:57:06
817,naver,38,ERIC KAYSER,서울 중구 소공로 119, 4.42, 190,lis****,23.1.11.수,굿,2024-04-08 - 00:57:06
818,naver,38,ERIC KAYSER,서울 중구 소공로 119, 4.42, 190,ㅇㅇㅇ4433,22.11.22.화,좋았는데,2024-04-08 - 00:57:06
819,naver,38,ERIC KAYSER,서울 중구 소공로 119, 4.42, 190,꺄르르면,22.11.25.금,굿,2024-04-08 - 00:57:06
820,naver,38,ERIC KAYSER,서울 중구 소공로 119, 4.42, 190,문2698,23.2.9.목,굿,2024-04-08 - 00:57:06
821,naver,38,ERIC KAYSER,서울 중구 소공로 119, 4.42, 190,xxuu47,22.11.9.수,굿굿,2024-04-08 - 00:57:07
822,naver,38,ERIC KAYSER,서울 중구 소공로 119, 4.42, 190,무제그림,22.10.21.금,굿,2024-04-08 - 00:57:07
823,naver,38,ERIC KAYSER,서울 중구 소공로 119, 4.42, 190,아이언3774,22.8.31.수,굿,2024-04-08 - 00:57:07
824,naver,38,ERIC KAYSER,서울 중구 소공로 119, 4.42, 190,설녀34,22.8.22.월,좋아요,2024-04-08 - 00:57:07
825,naver,38,ERIC KAYSER,서울 중구 소공로 119, 4.42, 190,Tto,22.9.15.목,굿,2024-04-08 - 00:57:07
826,naver,38,ERIC KAYSER,서울 중구 소공로 119, 4.42, 190,텁리40,22.8.12.금,맛나요,2024-04-08 - 00:57:07
827,naver,38,ERIC KAYSER,서울 중구 소공로 119, 4.42, 190,be****,22.10.29.토,조아요,2024-04-08 - 00:57:07
828,naver,38,ERIC KAYSER,서울 중구 소공로 119, 4.42, 190,lai67,22.7.27.수,굿,2024-04-08 - 00:57:07
829,naver,38,ERIC KAYSER,서울 중구 소공로 119, 4.42, 190,xxuu47,22.7.7.목,긋긋,2024-04-08 - 00:57:07
830,naver,38,ERIC KAYSER,서울 중구 소공로 119, 4.42, 190,소풍가다,22.6.18.토,굿,2024-04-08 - 00:57:07
831,naver,38,ERIC KAYSER,서울 중구 소공로 119, 4.42, 190,자작나무48,22.6.5.일,맛있어요,2024-04-08 - 00:57:07
832,naver,38,ERIC KAYSER,서울 중구 소공로 119, 4.42, 190,Alice8477,22.6.9.목,좋아요,2024-04-08 - 00:57:07
833,naver,38,ERIC KAYSER,서울 중구 소공로 119, 4.42, 190,Alice8477,22.6.3.금,굿,2024-04-08 - 00:57:07
834,naver,38,ERIC KAYSER,서울 중구 소공로 119, 4.42, 190,ang****,21.12.7.화,굿,2024-04-08 - 00:57:07
835,naver,38,ERIC KAYSER,서울 중구 소공로 119, 4.42, 190,MiNi74,22.1.8.토,굿,2024-04-08 - 00:57:07
836,naver,38,ERIC KAYSER,서울 중구 소공로 119, 4.42, 190,그린티라떼4195,22.1.8.토,굿,2024-04-08 - 00:57:07
837,naver,38,ERIC KAYSER,서울 중구 소공로 119, 4.42, 190,끌림97,22.1.8.토,굿,2024-04-08 - 00:57:07
838,naver,38,ERIC KAYSER,서울 중구 소공로 119, 4.42, 190,s95****,21.4.18.일,구 ㅅ,2024-04-08 - 00:57:08
839,naver,38,ERIC KAYSER,서울 중구 소공로 119, 4.42, 190,굿958,20.11.16.월,굿,2024-04-08 - 00:57:08
840,naver,38,ERIC KAYSER,서울 중구 소공로 119, 4.42, 190,유진7388,21.3.7.일,굿,2024-04-08 - 00:57:08
841,naver,38,ERIC KAYSER,서울 중구 소공로 119, 4.42, 190,와인러버찡찡이,20.3.28.토,고급짐,2024-04-08 - 00:57:08
842,naver,39,파티쉐리 신세계백화점본점신관점,서울 중구 퇴계로 77 신세계백화점,, 10,냠냠념념99,23.11.4.토,좋아요🤍🤍,2024-04-08 - 00:57:15
843,naver,39,파티쉐리 신세계백화점본점신관점,서울 중구 퇴계로 77 신세계백화점,, 10,s09****,22.5.2.월,좋아요,2024-04-08 - 00:57:15
844,naver,39,파티쉐리 신세계백화점본점신관점,서울 중구 퇴계로 77 신세계백화점,, 10,히히히6292,22.1.22.토,맛있어요 강추,2024-04-08 - 00:57:15
845,naver,43,베이크 신세계본점,서울 중구 소공로 63,, 228,bambi934,2.17.토,신세계본점에서 식당코너에서 젤 많이 먹는메뉴 중 하나 진짜 맛있어요 너무 짜거나 싱겁지도 않고 아주 딱좋아요!!추천,2024-04-08 - 00:58:21
846,naver,43,베이크 신세계본점,서울 중구 소공로 63,, 228,지윤가령소민 맘,23.12.27.수,혼자 하시느라 바쁘지만 맛있게 만들어 주셨이요,2024-04-08 - 00:58:21
847,naver,43,베이크 신세계본점,서울 중구 소공로 63,, 228,shi****,3.30.토,굳ㅋㅋㅋㅋㅋㅋㅋㅋㅋㅋ,2024-04-08 - 00:58:21
848,naver,43,베이크 신세계본점,서울 중구 소공로 63,, 228,lemon221,23.12.26.화,자주 가는 곳입니다,2024-04-08 - 00:58:21
849,naver,43,베이크 신세계본점,서울 중구 소공로 63,, 228,hmgm,2.17.토,좋아요~~~!!,2024-04-08 - 00:58:21
850,naver,43,베이크 신세계본점,서울 중구 소공로 63,, 228,hsn****,1.25.목,맛있게 먹었어요,2024-04-08 - 00:58:21
851,naver,43,베이크 신세계본점,서울 중구 소공로 63,, 228,ksyyjy,4.6.토,빵이 맛있어요~~,2024-04-08 - 00:58:21
852,naver,43,베이크 신세계본점,서울 중구 소공로 63,, 228,sun****,23.12.24.일,,2024-04-08 - 00:58:21
853,naver,43,베이크 신세계본점,서울 중구 소공로 63,, 228,나76,1.11.목,쇼핑하기 좋아요,2024-04-08 - 00:58:22
854,naver,43,베이크 신세계본점,서울 중구 소공로 63,, 228,이 상무,2.21.수,맛있어요,2024-04-08 - 00:58:22
855,naver,43,베이크 신세계본점,서울 중구 소공로 63,, 228,lim****,23.12.29.금,good,2024-04-08 - 00:58:22
856,naver,43,베이크 신세계본점,서울 중구 소공로 63,, 228,눈의여왕4937,1.28.일,빵 맛있어요,2024-04-08 - 00:58:22
857,naver,43,베이크 신세계본점,서울 중구 소공로 63,, 228,사탕어디,23.11.4.토,좋아요,2024-04-08 - 00:58:22
858,naver,43,베이크 신세계본점,서울 중구 소공로 63,, 228,maya4737,23.8.22.화,베이글 잠봉 조합 굿,2024-04-08 - 00:58:22
859,naver,43,베이크 신세계본점,서울 중구 소공로 63,, 228,백혈현누,23.12.1.금,좋아요,2024-04-08 - 00:58:22
860,naver,43,베이크 신세계본점,서울 중구 소공로 63,, 228,밀리미니,23.7.11.화,맛있고 친절한데 좌석간이 너무 붙어있다,2024-04-08 - 00:58:22
861,naver,43,베이크 신세계본점,서울 중구 소공로 63,, 228,Adio,23.5.14.일,롯데백화점 지하 식품매장은 늘 다양한 음식들이 있어서 좋아요.,2024-04-08 - 00:58:22
862,naver,43,베이크 신세계본점,서울 중구 소공로 63,, 228,XXXTENTACION6,23.6.6.화,"2만원 짜리 탕수육 8조각 나옴 ㅋㅋㅋㅋㅋㅋㅋㅋ
어이없어서 물어보니 그람수에 따라 8-10조각
나온다고 하고 휑~ 가버림 ㅋㅋ",2024-04-08 - 00:58:22
863,naver,43,베이크 신세계본점,서울 중구 소공로 63,, 228,파랑새503,23.6.4.일,백화점슈퍼는 다양한 물건도 많고 언제나 깨끗하고 친절합니다,2024-04-08 - 00:58:22
864,naver,43,베이크 신세계본점,서울 중구 소공로 63,, 228,mguil768st,23.6.24.토,맛있네요,2024-04-08 - 00:58:22
865,naver,43,베이크 신세계본점,서울 중구 소공로 63,, 228,숨비소,23.7.26.수,굿,2024-04-08 - 00:58:22
866,naver,43,베이크 신세계본점,서울 중구 소공로 63,, 228,이찌고,23.6.19.월,굿,2024-04-08 - 00:58:22
867,naver,43,베이크 신세계본점,서울 중구 소공로 63,, 228,권쪼쪼,23.4.27.목,,2024-04-08 - 00:58:22
868,naver,43,베이크 신세계본점,서울 중구 소공로 63,, 228,첼로보이,23.4.2.일,맛있어여 추천합니다,2024-04-08 - 00:58:22
869,naver,43,베이크 신세계본점,서울 중구 소공로 63,, 228,hkt****,23.6.24.토,맛있게 먹었어요,2024-04-08 - 00:58:22
870,naver,43,베이크 신세계본점,서울 중구 소공로 63,, 228,쭈라39,23.3.17.금,배송까지 해줘서 너무 편해요,2024-04-08 - 00:58:22
871,naver,43,베이크 신세계본점,서울 중구 소공로 63,, 228,수니6025,23.7.30.일,좋아요,2024-04-08 - 00:58:23
872,naver,43,베이크 신세계본점,서울 중구 소공로 63,, 228,뽀로뽀로미8,23.6.9.금,good,2024-04-08 - 00:58:23
873,naver,43,베이크 신세계본점,서울 중구 소공로 63,, 228,bok****,23.2.10.금,좋아요!!!,2024-04-08 - 00:58:23
874,naver,43,베이크 신세계본점,서울 중구 소공로 63,, 228,망고냉면,23.1.10.화,.,2024-04-08 - 00:58:23
875,naver,43,베이크 신세계본점,서울 중구 소공로 63,, 228,제3의사랑,22.4.24.일,비싸지만 맛있어요.,2024-04-08 - 00:58:23
876,naver,43,베이크 신세계본점,서울 중구 소공로 63,, 228,또또0206,22.10.7.금,좋아요,2024-04-08 - 00:58:23
877,naver,43,베이크 신세계본점,서울 중구 소공로 63,, 228,시오뚠순,22.2.19.토,허니 카스테라 맛나요,2024-04-08 - 00:58:23
878,naver,43,베이크 신세계본점,서울 중구 소공로 63,, 228,key71,22.5.20.금,.,2024-04-08 - 00:58:23
879,naver,43,베이크 신세계본점,서울 중구 소공로 63,, 228,쭉들이켜,22.4.22.금,맛있어요,2024-04-08 - 00:58:23
880,naver,43,베이크 신세계본점,서울 중구 소공로 63,, 228,bomj99,22.3.11.금,빵이 맛있네요,2024-04-08 - 00:58:23
881,naver,43,베이크 신세계본점,서울 중구 소공로 63,, 228,mimimiim,22.4.14.목,조아요,2024-04-08 - 00:58:23
882,naver,43,베이크 신세계본점,서울 중구 소공로 63,, 228,쭉들이켜,22.1.15.토,좋아요👍🏻👍🏻👍🏻👍🏻👍🏻,2024-04-08 - 00:58:23
883,naver,43,베이크 신세계본점,서울 중구 소공로 63,, 228,bon****,22.1.19.수,남성 타이즈 구입,2024-04-08 - 00:58:23
884,naver,43,베이크 신세계본점,서울 중구 소공로 63,, 228,연남웨일즈,21.12.28.화,내가 알던... 자주 먹던... 홋카이도 치즈 타르트가 아니예요...,2024-04-08 - 00:58:23
885,naver,43,베이크 신세계본점,서울 중구 소공로 63,, 228,미소6657,22.3.28.월,앗있어요,2024-04-08 - 00:58:23
886,naver,43,베이크 신세계본점,서울 중구 소공로 63,, 228,ner****,22.1.28.금,맛았어뇨,2024-04-08 - 00:58:23
887,naver,43,베이크 신세계본점,서울 중구 소공로 63,, 228,퍄퍄3,22.2.27.일,굿,2024-04-08 - 00:58:23
888,naver,43,베이크 신세계본점,서울 중구 소공로 63,, 228,creamcream11,22.1.4.화,잘먹엇습니당,2024-04-08 - 00:58:24
889,naver,43,베이크 신세계본점,서울 중구 소공로 63,, 228,김경자18,22.3.29.화,좋아요,2024-04-08 - 00:58:24
890,naver,43,베이크 신세계본점,서울 중구 소공로 63,, 228,지연000,22.3.28.월,좋아요~~,2024-04-08 - 00:58:24
891,naver,43,베이크 신세계본점,서울 중구 소공로 63,, 228,정시연22,22.2.27.일,.,2024-04-08 - 00:58:24
892,naver,43,베이크 신세계본점,서울 중구 소공로 63,, 228,ktlovehis,22.3.1.화,좋아요,2024-04-08 - 00:58:24
893,naver,43,베이크 신세계본점,서울 중구 소공로 63,, 228,야매강사,22.2.27.일,4444,2024-04-08 - 00:58:24
894,naver,43,베이크 신세계본점,서울 중구 소공로 63,, 228,ms4****,22.3.6.일,굿,2024-04-08 - 00:58:24
895,naver,43,베이크 신세계본점,서울 중구 소공로 63,, 228,피치64,22.3.4.금,굿,2024-04-08 - 00:58:24
896,naver,43,베이크 신세계본점,서울 중구 소공로 63,, 228,angelsap,22.3.3.목,좋아요,2024-04-08 - 00:58:24
897,naver,43,베이크 신세계본점,서울 중구 소공로 63,, 228,한영684,22.3.3.목,조아요,2024-04-08 - 00:58:24
898,naver,43,베이크 신세계본점,서울 중구 소공로 63,, 228,허브3355,22.3.1.화,조아요,2024-04-08 - 00:58:24
899,naver,43,베이크 신세계본점,서울 중구 소공로 63,, 228,바이올린40,22.1.29.토,굿,2024-04-08 - 00:58:24
900,naver,43,베이크 신세계본점,서울 중구 소공로 63,, 228,jsy****,22.2.25.금,굿,2024-04-08 - 00:58:24
901,naver,43,베이크 신세계본점,서울 중구 소공로 63,, 228,정57,22.2.19.토,굿,2024-04-08 - 00:58:24
902,naver,43,베이크 신세계본점,서울 중구 소공로 63,, 228,피치64,22.2.17.목,굿,2024-04-08 - 00:58:24
903,naver,43,베이크 신세계본점,서울 중구 소공로 63,, 228,bjen0889,22.2.12.토,좋습니다,2024-04-08 - 00:58:24
904,naver,43,베이크 신세계본점,서울 중구 소공로 63,, 228,오밍03,22.1.7.금,좋아요,2024-04-08 - 00:58:24
905,naver,43,베이크 신세계본점,서울 중구 소공로 63,, 228,gaenary,22.1.15.토,백화점,2024-04-08 - 00:58:24
906,naver,43,베이크 신세계본점,서울 중구 소공로 63,, 228,푸른초장28,22.1.20.목,굿,2024-04-08 - 00:58:25
907,naver,43,베이크 신세계본점,서울 중구 소공로 63,, 228,kim****,22.1.25.화,좋아요,2024-04-08 - 00:58:25
908,naver,43,베이크 신세계본점,서울 중구 소공로 63,, 228,갯마을러블리츄,22.3.30.수,,2024-04-08 - 00:58:25
909,naver,43,베이크 신세계본점,서울 중구 소공로 63,, 228,클래식딴따라,22.1.23.일,굿,2024-04-08 - 00:58:25
910,naver,43,베이크 신세계본점,서울 중구 소공로 63,, 228,쎄발,22.1.22.토,굿,2024-04-08 - 00:58:25
911,naver,43,베이크 신세계본점,서울 중구 소공로 63,, 228,X88Z88X,21.12.28.화,굿,2024-04-08 - 00:58:25
912,naver,43,베이크 신세계본점,서울 중구 소공로 63,, 228,아이조앙,22.1.19.수,먹을만해요,2024-04-08 - 00:58:25
913,naver,43,베이크 신세계본점,서울 중구 소공로 63,, 228,캠린이6796,22.1.16.일,굿,2024-04-08 - 00:58:25
914,naver,43,베이크 신세계본점,서울 중구 소공로 63,, 228,set me free,22.1.12.수,좋아요,2024-04-08 - 00:58:25
915,naver,43,베이크 신세계본점,서울 중구 소공로 63,, 228,ata****,22.1.12.수,굿,2024-04-08 - 00:58:25
916,naver,43,베이크 신세계본점,서울 중구 소공로 63,, 228,kwa****,22.1.8.토,좋아요,2024-04-08 - 00:58:25
917,naver,43,베이크 신세계본점,서울 중구 소공로 63,, 228,잊윙크,22.2.26.토,굿,2024-04-08 - 00:58:25
918,naver,43,베이크 신세계본점,서울 중구 소공로 63,, 228,피치64,22.1.6.목,굿,2024-04-08 - 00:58:25
919,naver,43,베이크 신세계본점,서울 중구 소공로 63,, 228,bo****,22.1.2.일,좋아요,2024-04-08 - 00:58:25
920,naver,43,베이크 신세계본점,서울 중구 소공로 63,, 228,soll1023,22.2.20.일,굿~,2024-04-08 - 00:58:25
921,naver,43,베이크 신세계본점,서울 중구 소공로 63,, 228,jiy****,21.12.27.월,굿,2024-04-08 - 00:58:25
922,naver,43,베이크 신세계본점,서울 중구 소공로 63,, 228,yoooong,22.4.10.일,좋아용,2024-04-08 - 00:58:25
923,naver,43,베이크 신세계본점,서울 중구 소공로 63,, 228,환장할노릇,21.12.19.일,굿,2024-04-08 - 00:58:26
924,naver,43,베이크 신세계본점,서울 중구 소공로 63,, 228,sspp47,22.3.6.일,굿,2024-04-08 - 00:58:26
925,naver,43,베이크 신세계본점,서울 중구 소공로 63,, 228,huk3030,21.12.8.수,조아요,2024-04-08 - 00:58:26
926,naver,43,베이크 신세계본점,서울 중구 소공로 63,, 228,deabbang72,22.2.13.일,굿,2024-04-08 - 00:58:26
927,naver,43,베이크 신세계본점,서울 중구 소공로 63,, 228,MY8281,22.1.23.일,조아요,2024-04-08 - 00:58:26
928,naver,43,베이크 신세계본점,서울 중구 소공로 63,, 228,아장39,22.1.25.화,좋아요,2024-04-08 - 00:58:26
929,naver,43,베이크 신세계본점,서울 중구 소공로 63,, 228,MY8281,22.1.10.월,조아요,2024-04-08 - 00:58:26
930,naver,43,베이크 신세계본점,서울 중구 소공로 63,, 228,yoooong,22.2.9.수,굳,2024-04-08 - 00:58:26
931,naver,43,베이크 신세계본점,서울 중구 소공로 63,, 228,lee****,21.7.8.목,좋아요,2024-04-08 - 00:58:26
932,naver,43,베이크 신세계본점,서울 중구 소공로 63,, 228,lee****,21.7.8.목,좋아요,2024-04-08 - 00:58:26
933,naver,43,베이크 신세계본점,서울 중구 소공로 63,, 228,900****,13.4.11.목,ㅣ,2024-04-08 - 00:58:26
934,naver,43,베이크 신세계본점,서울 중구 소공로 63,, 228,Yean,02.4.10.수,ㅎ,2024-04-08 - 00:58:26
